MachineName,PrimaryUser,SystemManufacturer,SystemProduct,SystemModel,CPUProduct,CPU Speed(MHz),Device CreateDate,Hard DiskSpace,Free DiskSpace,IP Address
fbe-100461,mq92501184,,Core i5 2670 System,,Core i5,2670,10/11/2012,320070,130493,10.41.24.113
fbe-100479,mq20111673,,Core i5 2670 System,,Core i5,2670,09/13/2012,320070,128843,10.41.19.186
fbe-100487,mq20101138,,Core i5 2670 System,,Core i5,2670,5/08/2012,250057,112194,10.41.70.145
fbe-100628,mq20101406,,Core i5 2670 System,,Core i5,2670,09/13/2012,476938,82520,10.41.57.27
fbe-100636,mq20120413,,Core i5 2670 System,,Core i5,2670,09/14/2012,500105,121757,10.41.20.135
fbe-100644,mq20021175,,Core i5 2670 System,,Core i5,2670,10/07/2012,500105,105955,10.41.62.224
fbe-100651,mq20071980,,Core i5 2670 System,,Core i5,2670,09/14/2012,500105,123280,10.41.29.132
fbe-100677,mq42378419,,Core i5 2670 System,,Core i5,2670,09/14/2012,500105,102894,10.41.42.157
fbe-100685,mq20101568,,Core i5 2670 System,,Core i5,2670,09/14/2012,500105,110264,10.41.46.6
fbe-101121,mq20085471,,Core2 Duo 2200 System,,Core2 Duo,2200,09/13/2012,320070,107037,10.41.74.32
fbe-101352,mq20111223,Toshiba,Portege R830,PT320A-03N007,Core i5-2410M,2300,09/17/2012,476938,91564,10.72.2.101
fbe-102418,mq20112237,,Core i5 2800 System,,Core i5,2800,09/17/2012,500105,111833,10.41.65.191
fbe-102426,mq20084092,,Core i5 2800 System,,Core i5,2800,09/17/2012,500105,118353,10.41.67.163
fbe-102459,mq20019030,,Core2 Duo 2200 System,,Core2 Duo,2200,6/07/2012,320070,103674,10.41.78.28
fbe-102467,mq20072934,,Core2 Duo 2200 System,,Core2 Duo,2200,9/10/2012,320070,101888,10.41.73.72
fbe-102475,mq20111524,,Core2 Duo 2200 System,,Core2 Duo,2200,08/15/2012,320070,115300,10.41.72.244
fbe-102483,mq20060449,,Core2 Duo 2200 System,,Core2 Duo,2200,6/08/2012,320070,107907,10.41.74.17
fbe-102509,mq20111677,,Core2 Duo 2200 System,,Core2 Duo,2200,09/13/2012,320070,106615,10.41.77.240
fbe-102517,mq20072934,,Core2 Duo 2200 System,,Core2 Duo,2200,08/15/2012,320070,111589,10.41.77.172
fbe-102525,mq20111677,,Core2 Duo 2200 System,,Core2 Duo,2200,9/10/2012,320070,113658,10.41.74.12
fbe-102533,mq20120516,,Core2 Duo 2200 System,,Core2 Duo,2200,9/11/2012,320070,113419,10.41.78.109
fbe-103234,MQ20058302,Toshiba,Portege Z930,PT235A-04D04X,Core i7-3687U,2100,08/20/2014,244191,24338,10.72.2.229
fbe-103267,mqx804212,Toshiba,Portege Z930,PT235A-04D04X,Core i7-3687U,2100,7/04/2014,244191,185931,10.41.19.158
fbe-103275,mq20072810,Toshiba,Portege Z930,PT235A-04D04X,Core i7-3687U,2100,08/20/2014,244191,97937,10.70.29.6
fbe-103804,mq20109122,Dell,Latitude E4300,,Core2 Duo,2400,2/08/2012,238473,112291,10.41.20.86
fbe-103978,mq20101542,,Core2 Duo 2200 System,,Core2 Duo,2200,6/04/2012,320070,122277,10.41.75.98
fbe-103994,mq20071928,,Core2 Duo 2200 System,,Core2 Duo,2200,6/04/2012,320070,116448,10.41.73.68
fbe-104018,mq20111839,,Core2 Duo 2200 System,,Core2 Duo,2200,6/04/2012,320070,126067,10.41.74.31
fbe-104042,mq20112235,,Core2 Duo 2200 System,,Core2 Duo,2200,6/04/2012,320070,125581,10.41.74.154
fbe-104059,mq20109053,,Core2 Duo 2200 System,,Core2 Duo,2200,6/04/2012,320070,125328,10.41.77.85
fbe-104075,mq20112569,,Core2 Duo 2200 System,,Core2 Duo,2200,6/04/2012,320070,126721,10.41.74.22
fbe-106815,mq20072680,Dell,Latitude E6500,,Core2 Duo,2400,4/06/2012,238473,104345,192.168.0.2
fbe-107748,mq20085471,,Core2 Duo 2200 System,,Core2 Duo,2200,9/10/2012,320070,113595,10.41.77.238
fbe-107755,mq20084777,,Core2 Duo 2200 System,,Core2 Duo,2200,09/13/2012,320070,103630,10.41.72.161
fbe-109108,mq20060031,,Core i5 2800 System,,Core i5,2800,09/14/2012,781512,374607,10.41.67.173
fbe-109884,mq20045663,Toshiba,Portege R700,PT310A-07F011,Core i5,2530,09/13/2012,476938,88940,10.41.26.57
fbe-109892,mq20073628,Toshiba,Portege R700,PT310A-07F011,Core i5,2530,10/03/2012,476938,197466,10.41.20.175
fbe-109918,42534100,Toshiba,Portege R700,PT310A-07F011,Core i5,2530,02/21/2013,476938,371854,169.254.247.140
fbe-110015,mq98002441,LENOVO,ThinkPad T510,4349-4VM,Core i5,2400,03/28/2014,305242,198204,10.41.17.190
fbe-110221,mq20045669,Fujitsu,LIFEBOOK T730,,Core i5,2400,03/13/2014,476938,191593,10.72.3.159
fbe-110627,mq93501641,Fujitsu,0,,Core i5-2450M,2500,5/08/2014,476938,196826,10.41.17.58
fbe-110643,mq20060031,ASUSTeK Computer Inc.,UX31E,,Core i7-2677M,1800,5/08/2012,244191,126225,192.168.0.8
fbe-110650,mq20109504,ASUSTeK Computer Inc.,UX31E,,Core i7-2677M,1800,6/12/2012,244191,117309,10.72.2.137
fbe-110668,42940656,ASUSTeK Computer Inc.,UX31E,,Core i7-2677M,1800,07/23/2012,244191,58306,10.41.82.136
fbe-110676,MQ20148974,Toshiba,Portege Z930,PT235A-04D04X,Core i7-3687U,2100,08/20/2014,244191,92344,10.72.2.245
fbe-110684,mq20112622,Toshiba,Portege Z930,PT235A-04D04X,Core i7-3687U,2100,08/21/2014,244191,96477,10.72.3.124
fbe-110692,mq90503546,Toshiba,Portege Z930,PT235A-04D04X,Core i7-3687U,2100,08/20/2014,244191,99081,192.168.0.19
fbe-110726,MQ20148778,Toshiba,Portege Z930,PT235A-04D04X,Core i7-3687U,2100,08/20/2014,244191,98024,10.72.23.112
fbe-110734,mq93501641,Toshiba,Portege Z930,PT235A-04D04X,Core i7-3687U,2100,08/20/2014,244191,186181,192.168.1.60
fbe-110742,mq20111229,Toshiba,Portege Z930,PT235A-04D04X,Core i7-3687U,2100,08/20/2014,244191,179694,10.41.51.68
fbe-110775,mq20071770,Toshiba,Portege Z930,PT235A-04D04X,Core i7-3687U,2100,9/02/2014,244191,164929,10.72.3.0
fbe-110783,mq20097092,Toshiba,Portege Z930,PT235A-04D04X,Core i7-3687U,2100,7/04/2014,244191,95777,10.72.2.170
fbe-110791,mq41376994,Toshiba,Portege Z930,PT235A-04D04X,Core i7-3687U,2100,10/07/2014,244191,74681,10.72.2.164
fbe-110825,43558860,Toshiba,Portege Z930,PT235A-04D04X,Core i7-3687U,2100,09/15/2014,244191,99770,10.41.82.23
fbe-110833,mq20124764,Toshiba,Portege Z930,PT235A-04D04X,Core i7-3687U,2100,09/15/2014,244191,21742,10.72.3.210
fbe-110841,mq20120519,Toshiba,Portege Z930,PT235A-04D04X,Core i7-3687U,2100,5/12/2015,244191,189813,10.41.22.179
fbe-110866,MQ20148257,Toshiba,Portege Z930,PT235A-04D04X,Core i7-3687U,2100,09/15/2014,244191,92631,10.72.3.121
fbe-110874,43060366,Toshiba,Portege Z930,PT235A-04D04X,Core i7-3687U,2100,09/15/2014,244191,31413,10.72.188.206
fbe-110882,mq20069965,Toshiba,Portege Z930,PT235A-04D04X,Core i7-3687U,2100,09/15/2014,244191,94200,10.41.20.49
fbe-110890,mq87500701,Toshiba,Portege Z930,PT235A-04D04X,Core i7-3687U,2100,09/15/2014,244191,82384,192.168.0.4
fbe-110916,MQ20132782,Toshiba,Portege Z930,PT235A-04D04X,Core i7-3687U,2100,09/15/2014,244191,98165,10.72.22.241
fbe-110924,mq97000103,Toshiba,Portege Z930,PT235A-04D04X,Core i7-3687U,2100,09/15/2014,244191,54278,10.1.1.4
fbe-110932,MQ20131980,Toshiba,Portege Z930,PT235A-04D04X,Core i7-3687U,2100,09/15/2014,244191,97138,10.41.78.34
fbe-110940,43830412,Toshiba,Portege Z930,PT235A-04D04X,Core i7-3687U,2100,10/07/2014,244191,96580,192.168.1.7
fbe-110965,mq93501676,Toshiba,Portege Z930,PT235A-04D04X,Core i7-3687U,2100,10/07/2014,244191,176583,10.41.64.211
fbe-110973,mq94610649,Toshiba,Portege Z930,PT235A-04D04X,Core i7-3687U,2100,10/07/2014,244191,185077,10.72.9.216
fbe-110981,mq20112657,Toshiba,Portege Z930,PT235A-04D04X,Core i7-3687U,2100,8/01/2014,244191,105809,10.41.29.238
fbe-110999,mq93501641,Fujitsu,0,,Core i5-2430M,2400,01/22/2013,476938,180087,10.72.3.218
fbe-111047,mq20061195,Fujitsu,LIFEBOOK T731,,Core i5-2450M,2500,12/18/2012,476938,120371,10.72.2.133
fbe-111096,mq42272955,Toshiba,Portege R700,PT310A-07F011,Core i5,2530,10/07/2012,476938,199765,10.41.22.18
fbe-111104,mq20084232,Toshiba,Portege R700,PT310A-07F011,Core i5,2530,3/07/2012,476938,111103,10.1.1.6
fbe-111120,mq20033283,Toshiba,Portege R700,PT310A-07F011,Core i5,2530,9/11/2013,476938,190660,10.41.20.201
fbe-111955,mq90501004,Toshiba,Portege R830,PT320A-03N007,Core i5-2410M,2300,2/07/2012,476938,105350,10.72.3.27
fbe-111963,mq87500701,Toshiba,Portege R830,PT320A-03N007,Core i5-2410M,2300,09/13/2012,476938,69328,10.41.22.7
fbe-111971,,Toshiba,Portege R830,PT320A-03N007,Core i5-2410M,2300,04/30/2014,476938,195312,10.41.18.13
fbe-111989,mq20021687,Toshiba,Portege R830,PT320A-03N007,Core i5-2410M,2300,5/07/2012,953846,117345,10.72.3.112
fbe-111997,mq20097606,Toshiba,Portege R830,PT320A-03N007,Core i5-2410M,2300,03/20/2012,476938,92155,10.1.1.7
fbe-112029,43104061,Toshiba,Portege R830,PT320A-03N007,Core i5-2410M,2300,07/13/2012,953845,544441,10.41.91.216
fbe-112037,mq88500047,Toshiba,Portege R830,PT320A-03N007,Core i5-2410M,2300,09/14/2012,476938,386643,10.41.25.6
fbe-112045,mq20109504,,Core i7-2600 3400 System,,Core i7-2600,3400,09/14/2012,953867,807029,10.41.68.172
fbe-112052,mq20084919,,Core i7-2600 3400 System,,Core i7-2600,3400,4/01/2014,953867,902794,10.41.65.64
fbe-112185,mq20007114,LENOVO,ThinkPad T520,4242-PV6,Core i5-2520M,2500,09/14/2012,305243,108941,10.72.3.127
fbe-112233-vm,mq20006694,innotek GmbH,VirtualBox,,Core i7-4960X,3600,8/06/2014,332800,193523,10.41.17.73
fbe-112318,MQ20126620,Toshiba,Portege R830,PT320A-03N007,Core i5-2410M,2300,2/09/2012,1907735,1216353,10.72.3.172
fbe-112326,mqx803030,Toshiba,Portege R830,PT320A-03N007,Core i5-2410M,2300,7/09/2012,476938,53911,10.1.1.5
fbe-112334,mq40460037,Toshiba,Portege R830,PT320A-03N007,Core i5-2410M,2300,10/01/2012,476938,99824,192.168.0.10
fbe-112342,mq20072705,Toshiba,Portege R830,PT320A-03N007,Core i5-2410M,2300,5/02/2012,476938,18609,10.72.3.104
fbe-112359,mq41246845,Toshiba,Portege R830,PT320A-03N007,Core i5-2410M,2300,9/08/2012,476938,19858,10.1.1.7
fbe-112367,mq20069888,Toshiba,Portege R830,PT320A-03N007,Core i5-2410M,2300,01/30/2012,476938,83337,10.72.2.241
fbe-112383,MQ20133642,Toshiba,Portege R830,PT320A-03N007,Core i5-2410M,2300,10/23/2012,476938,107567,10.41.25.136
fbe-112391,,Toshiba,Portege R830,PT320A-03N007,Core i5-2410M,2300,6/10/2014,476938,190439,10.41.16.100
fbe-112409,mq87500701,Toshiba,Portege R830,PT320A-03N007,Core i5-2410M,2300,01/22/2012,476938,114265,10.72.3.211
fbe-112466,mq20125514,LENOVO,ThinkPad T520,4242-PV6,Core i5-2520M,2500,5/05/2012,305243,113826,10.41.59.161
fbe-112474,mq20097643,LENOVO,ThinkPad T520,4242-PV6,Core i5-2520M,2500,2/08/2012,305243,181629,10.41.27.132
fbe-112482,mqx803399,LENOVO,ThinkPad T520,4242-PV6,Core i5-2520M,2500,2/10/2012,305243,68750,10.196.29.109
fbe-112490,41367502,LENOVO,ThinkPad T520,4242-PV6,Core i5-2520M,2500,5/07/2012,320070,131858,10.41.62.177
fbe-112508,mq20033694,LENOVO,ThinkPad T520,4242-PV6,Core i5-2520M,2500,09/14/2012,305243,110050,192.168.3.77
fbe-112516,MQ20130265,LENOVO,ThinkPad T520,4242-PV6,Core i5-2520M,2500,09/14/2012,305243,182385,10.41.26.192
fbe-112524,mq20113061,LENOVO,ThinkPad T520,4242-PV6,Core i5-2520M,2500,10/09/2012,305243,117880,10.41.25.63
fbe-112532,MQ42941806,LENOVO,ThinkPad T520,4242-PV6,Core i5-2520M,2500,11/22/2012,305243,49552,192.168.0.7
fbe-112540,mq20084718,LENOVO,ThinkPad T520,4242-PV6,Core i5-2520M,2500,7/09/2012,1259112,976993,10.41.59.35
fbe-112557,mq20033548,LENOVO,ThinkPad T520,4242-PV6,Core i5-2520M,2500,09/20/2012,320070,109174,10.41.69.15
fbe-112565,mq20111460,LENOVO,ThinkPad T520,4242-PV6,Core i5-2520M,2500,09/13/2012,305243,105218,10.72.2.236
fbe-112573,mq41865758,LENOVO,ThinkPad T520,4242-PV6,Core i5-2520M,2500,09/14/2012,320070,123167,10.41.21.164
fbe-112581,mq20112229,LENOVO,ThinkPad T520,4242-PV6,Core i5-2520M,2500,9/11/2012,305243,195852,10.41.17.63
fbe-112599,mq20033283,LENOVO,ThinkPad T520,4242-PV6,Core i5-2520M,2500,5/08/2012,305243,95197,10.1.1.4
fbe-112607,mq93501641,LENOVO,ThinkPad T520,4242-PV6,Core i5-2520M,2500,09/25/2012,305243,124010,10.41.41.121
fbe-112615,mq20084919,,Core i7-2600 3400 System,,Core i7-2600,3400,7/09/2013,476938,405031,10.41.70.238
fbe-112623,mq40779513,ASUSTeK COMPUTER INC.,UX31A,,Core i7-3517U,1900,3/11/2013,244191,94427,192.168.1.119
fbe-112631,mq42406269,ASUSTeK COMPUTER INC.,UX31A,,Core i7-3517U,1900,3/11/2013,244191,103045,192.168.2.12
fbe-112649,mq20102237,ASUSTeK COMPUTER INC.,UX31A,,Core i7-3517U,1900,4/05/2013,244191,192084,10.41.18.167
fbe-112656,mq20102169,ASUSTeK COMPUTER INC.,UX31A,,Core i7-3517U,1900,3/11/2013,244191,202156,169.254.213.206
fbe-112672,43188591,ASUSTeK COMPUTER INC.,UX31A,,Core i7-3517U,1900,3/11/2013,244191,125742,192.168.1.5
fbe-112680,42942535,ASUSTeK COMPUTER INC.,UX31A,,Core i7-3517U,1900,3/11/2013,2151912,1324237,192.168.0.11
fbe-112698,mq20035143,ASUSTeK COMPUTER INC.,UX31A,,Core i7-3517U,1900,3/11/2013,244191,55324,10.41.45.53
fbe-112706,mqx803005,ASUSTeK COMPUTER INC.,UX31A,,Core i7-3517U,1900,3/11/2013,244191,95110,192.168.8.113
fbe-112714,mq20073628,ASUSTeK COMPUTER INC.,UX31A,,Core i7-3517U,1900,3/11/2013,244196,109291,10.72.2.101
fbe-112722,mq20096073,ASUSTeK COMPUTER INC.,UX31A,,Core i7-3517U,1900,05/30/2013,244191,97490,10.72.3.238
fbe-112730,40343499,ASUSTeK COMPUTER INC.,UX31A,,Core i7-3517U,1900,3/11/2013,244196,134442,10.0.0.115
fbe-112748,mq20109367,ASUSTeK COMPUTER INC.,UX31A,,Core i7-3517U,1900,3/11/2013,244191,98149,10.72.2.91
fbe-112755,mq89502973,LENOVO,ThinkPad T520,4242-CTO,Core i5-2520M,2500,09/14/2012,305243,114203,10.41.34.27
fbe-112771,mq20085216,LENOVO,ThinkPad T520,4242-CTO,Core i5-2520M,2500,09/14/2012,305243,115070,10.41.27.56
fbe-112789,mq20109504,LENOVO,ThinkPad T520,4242-CTO,Core i5-2520M,2500,09/17/2012,320070,110824,10.41.18.55
fbe-112797,MQ42232694,LENOVO,ThinkPad T520,4242-CTO,Core i5-2520M,2500,9/07/2012,305243,195736,10.41.21.238
fbe-112805,mq20109053,LENOVO,ThinkPad T520,4242-CTO,Core i5-2520M,2500,7/07/2012,305243,182032,10.72.2.107
fbe-112813,mqx804154,LENOVO,ThinkPad T520,4242-CTO,Core i5-2520M,2500,10/07/2012,305243,195781,10.41.17.246
fbe-112821,mq20061195,LENOVO,ThinkPad T520,4242-CTO,Core i5-2520M,2500,7/08/2012,305243,62646,10.41.43.69
fbe-112839,mq20101568,LENOVO,ThinkPad T520,4242-CTO,Core i5-2520M,2500,4/11/2012,305243,78783,10.41.41.217
fbe-112847,mq41376994,LENOVO,ThinkPad T520,4242-CTO,Core i5-2520M,2500,9/09/2012,305243,87177,10.41.36.43
fbe-112854,mq20047007,LENOVO,ThinkPad T520,4242-CTO,Core i5-2520M,2500,07/13/2012,305243,113843,10.41.43.161
fbe-112862,MQ20130268,LENOVO,ThinkPad T520,4242-CTO,Core i5-2520M,2500,09/14/2012,305243,85628,10.41.75.85
fbe-112870,mq20072097,LENOVO,ThinkPad T520,4242-CTO,Core i5-2520M,2500,9/08/2012,305243,116378,10.41.29.139
fbe-112888,mq20035343,LENOVO,ThinkPad T520,4242-CTO,Core i5-2520M,2500,09/17/2012,305243,103943,10.72.2.192
fbe-112896,mq20111709,LENOVO,ThinkPad T520,4242-CTO,Core i5-2520M,2500,9/07/2012,305243,63023,10.41.61.160
fbe-112904,mq20085736,LENOVO,ThinkPad T520,4242-CTO,Core i5-2520M,2500,09/14/2012,305243,110396,10.41.35.207
fbe-112912,mq20058759,LENOVO,ThinkPad T520,4242-CTO,Core i5-2520M,2500,11/29/2012,305243,119964,10.41.68.42
fbe-112920,42673542,LENOVO,ThinkPad T520,4242-CTO,Core i5-2520M,2500,7/08/2012,305243,96231,10.41.85.193
fbe-112938,mq82602964,LENOVO,ThinkPad T520,4242-CTO,Core i5-2520M,2500,09/14/2012,305243,22925,10.41.89.213
fbe-112953,42090512,ASUSTeK Computer Inc.,UX31E,,Core i7-2677M,1800,10/08/2012,244191,74972,192.168.2.20
fbe-112961,mq20112842,ASUSTeK Computer Inc.,UX31E,,Core i7-2677M,1800,11/15/2012,244191,32732,192.168.0.8
fbe-112964,MQ20126781,LENOVO,ThinkPad T520,4242-CTO,Core i5-2520M,2500,08/14/2013,305243,91857,192.168.1.103
fbe-112987,mq90614798,ASUSTeK Computer Inc.,UX31E,,Core i7-2677M,1800,10/10/2012,244191,123316,10.72.3.26
fbe-112995,42307023,ASUSTeK Computer Inc.,UX31E,,Core i7-2677M,1800,10/04/2012,244191,49275,10.41.84.245
fbe-113001,41157893,ASUSTeK Computer Inc.,UX31E,,Core i7-2677M,1800,11/15/2012,256053,139923,10.41.22.107
fbe-113019,mq20069795,ASUSTeK Computer Inc.,UX31E,,Core i7-2677M,1800,11/15/2012,244196,206963,10.72.2.251
fbe-113027,mq98003275,ASUSTeK Computer Inc.,UX31E,,Core i7-2677M,1800,10/04/2012,244191,101690,10.41.64.245
fbe-113035,MQ20137421,ASUSTeK Computer Inc.,UX31E,,Core i7-2677M,1800,07/15/2013,244191,65180,10.72.2.86
fbe-113043,mq20109573,ASUSTeK Computer Inc.,UX31E,,Core i7-2677M,1800,11/15/2012,244191,131439,192.168.2.4
fbe-113050,42919797,ASUSTeK Computer Inc.,UX31E,,Core i7-2677M,1800,11/13/2012,244191,94403,10.72.74.124
fbe-113068,mq20097117,ASUSTeK Computer Inc.,UX31E,,Core i7-2677M,1800,11/27/2012,256058,69793,
fbe-113076,mq41907388,ASUSTeK Computer Inc.,UX31E,,Core i7-2677M,1800,11/15/2012,244191,123010,192.168.0.13
fbe-113084,mq20084919,ASUSTeK Computer Inc.,UX31E,,Core i7-2677M,1800,11/15/2012,256053,135608,192.168.200.224
fbe-113092,42977282,ASUSTeK Computer Inc.,UX31E,,Core i7-2677M,1800,11/21/2012,244191,119636,10.72.88.225
fbe-113100,mq20045669,,Core i7-3960X 3300 System,,Core i7-3960X,3300,9/11/2012,228937,128022,10.41.44.200
fbe-113118,MQ20139341,Toshiba,Portege Z930,PT235A-04D04X,Core i7-3687U,2100,8/08/2013,244191,184305,10.41.69.211
fbe-113126,mq20120413,Toshiba,Portege Z930,PT235A-04D04X,Core i7-3687U,2100,8/08/2013,244191,94169,10.41.22.186
fbe-113134,mq20124103,Toshiba,Portege Z930,PT235A-04D04X,Core i7-3687U,2100,8/09/2013,244191,189821,10.41.21.10
fbe-113142,mq20097418,Toshiba,Portege Z930,PT235A-04D04X,Core i7-3687U,2100,8/09/2013,244196,31233,192.168.0.5
fbe-113159,mq85502332,Toshiba,Portege Z930,PT235A-04D04X,Core i7-3687U,2100,8/09/2013,244191,76635,10.72.2.39
fbe-113167,MQ20147240,Toshiba,Portege Z930,PT235A-04D04X,Core i7-3687U,2100,8/09/2013,244191,88394,10.72.2.69
fbe-113175,mq97001094,Toshiba,Portege Z930,PT235A-04D04X,Core i7-3687U,2100,8/09/2013,244191,154517,10.72.3.26
fbe-113183,mq96304553,Toshiba,Portege Z930,PT235A-04D04X,Core i7-3687U,2100,8/09/2013,244191,102328,10.41.29.13
fbe-113191,40265617,Toshiba,Portege Z930,PT235A-04D04X,Core i7-3687U,2100,8/09/2013,721098,400458,10.72.211.63
fbe-113209,mq20095956,Toshiba,Portege Z930,PT235A-04D04X,Core i7-3687U,2100,8/07/2013,244191,10665,192.168.11.5
fbe-113217,mq20120670,Toshiba,Portege Z930,PT235A-04D04X,Core i7-3687U,2100,8/08/2013,244191,91132,10.72.2.152
fbe-113225,MQ20148009,Toshiba,Portege Z930,PT235A-04D04X,Core i7-3687U,2100,8/07/2013,244191,181270,10.41.20.229
fbe-113233,mq20021175,Toshiba,Portege Z930,PT235A-04D04X,Core i7-3687U,2100,8/08/2013,244191,84291,10.72.3.133
fbe-113241,mq20018403,Toshiba,Portege Z930,PT235A-04D04X,Core i7-3687U,2100,8/08/2013,244191,77974,192.168.0.4
fbe-113258,mq20085674,Toshiba,Portege Z930,PT235A-04D04X,Core i7-3687U,2100,8/08/2013,244191,37218,10.72.3.97
fbe-113266,mq20072673,Toshiba,Portege Z930,PT235A-04D04X,Core i7-3687U,2100,8/09/2013,244191,60501,192.168.0.13
fbe-113274,42893127,Toshiba,Portege Z930,PT235A-04D04X,Core i7-3687U,2100,8/09/2013,244191,175120,192.168.0.13
fbe-113282,mq20021460,Toshiba,Portege Z930,PT235A-04D04X,Core i7-3687U,2100,8/09/2013,244191,72885,10.41.27.208
fbe-113290,mq95503595,Toshiba,Portege Z930,PT235A-04D04X,Core i7-3687U,2100,8/08/2013,244191,50784,192.168.0.102
fbe-113308,MQ20130265,Toshiba,Portege Z930,PT235A-04D04X,Core i7-3687U,2100,8/08/2013,244191,182294,10.41.29.121
fbe-113498,mq20018147,Toshiba,Portege Z930,PT235A-04D04X,Core i7-3687U,2100,10/09/2013,1674991,1313652,10.1.1.5
fbe-113506,mq20120519,Toshiba,Portege Z930,PT235A-04D04X,Core i7-3687U,2100,06/15/2014,244191,163189,10.72.3.51
fbe-113514,mq20109016,Toshiba,Portege Z930,PT235A-04D04X,Core i7-3687U,2100,06/20/2014,244191,79036,192.168.0.5
fbe-113522,mq20120531,Toshiba,Portege Z930,PT235A-04D04X,Core i7-3687U,2100,06/20/2014,244191,183857,10.72.2.241
fbe-113530,MQ20146659,Toshiba,Portege Z930,PT235A-04D04X,Core i7-3687U,2100,06/20/2014,244191,92584,10.72.3.213
fbe-113548,mq20113135,Toshiba,Portege Z930,PT235A-04D04X,Core i7-3687U,2100,06/20/2014,244191,85122,10.72.2.25
fbe-113555,MQ20146459,Toshiba,Portege Z930,PT235A-04D04X,Core i7-3687U,2100,06/20/2014,244191,180576,192.168.1.100
fbe-113563,mq20120531,Toshiba,Portege Z930,PT235A-04D04X,Core i7-3687U,2100,6/12/2014,244191,140635,192.168.1.8
fbe-113571,mq20112252,Toshiba,Portege Z930,PT235A-04D04X,Core i7-3687U,2100,6/12/2014,244191,168676,10.72.3.184
fbe-113589,MQ20143415,Toshiba,Portege Z930,PT235A-04D04X,Core i7-3687U,2100,6/12/2014,244191,175066,10.41.58.208
fbe-113597,mq20101194,Toshiba,Portege Z930,PT235A-04D04X,Core i7-3687U,2100,06/17/2014,244191,23563,10.72.3.37
fbe-113605,mq95503595,ASUSTeK COMPUTER INC.,UX31A,,Core i5-3317U,1700,12/14/2012,240324,145128,192.168.0.7
fbe-113613,mq20111464,ASUSTeK COMPUTER INC.,UX31A,,Core i7-3517U,1900,12/14/2012,240324,197361,10.41.18.167
fbe-113621,mq20022111,ASUSTeK COMPUTER INC.,UX31A,,Core i7-3517U,1900,12/14/2012,240324,62395,10.72.3.32
fbe-113639,42947308,ASUSTeK COMPUTER INC.,UX31A,,Core i7-3517U,1900,02/26/2013,251998,122324,
fbe-113647,mq20112651,ASUSTeK COMPUTER INC.,UX31A,,Core i7-3517U,1900,01/22/2013,240324,197383,10.41.17.121
fbe-113654,mq20111154,ASUSTeK COMPUTER INC.,UX31A,,Core i7-3517U,1900,12/17/2012,240324,130431,192.168.0.102
fbe-113662,mq69555168,ASUSTeK COMPUTER INC.,UX31A,,Core i7-3517U,1900,12/14/2012,240324,197388,10.41.22.200
fbe-113670,43779220,ASUSTeK COMPUTER INC.,UX31A,,Core i7-3517U,1900,12/18/2012,240324,189929,169.254.42.255
fbe-113688,mq41634195,ASUSTeK COMPUTER INC.,UX31A,,Core i7-3517U,1900,1/10/2013,240324,118375,10.72.2.226
fbe-113696,mq20021131,ASUSTeK COMPUTER INC.,UX31A,,Core i7-3517U,1900,1/11/2013,240324,109832,10.41.29.218
fbe-113704,mq20034880,ASUSTeK COMPUTER INC.,UX31A,,Core i7-3517U,1900,1/12/2013,240324,118537,10.72.2.249
fbe-113712,mq20097249,ASUSTeK COMPUTER INC.,UX31A,,Core i7-3517U,1900,1/11/2013,240324,148517,10.72.2.192
fbe-113720,mq20060010,ASUSTeK COMPUTER INC.,UX31A,,Core i7-3517U,1900,3/11/2013,240324,95917,192.168.2.12
fbe-113738,mqx801859,ASUSTeK COMPUTER INC.,UX31A,,Core i7-3517U,1900,12/17/2012,240324,127084,10.41.92.247
fbe-113746,mq20097185,ASUSTeK COMPUTER INC.,UX31A,,Core i7-3517U,1900,01/31/2013,240324,197381,10.41.19.94
fbe-113753,mq20112622,ASUSTeK COMPUTER INC.,UX31A,,Core i7-3517U,1900,12/21/2012,240324,84834,10.0.0.6
fbe-113761,mq30516137,ASUSTeK COMPUTER INC.,UX31A,,Core i7-3517U,1900,1/10/2013,240324,105342,10.41.34.212
fbe-113779,43104789,ASUSTeK COMPUTER INC.,UX31A,,Core i7-3517U,1900,01/30/2013,251998,137680,192.168.1.6
fbe-113787,mq20084718,ASUSTeK COMPUTER INC.,UX31A,,Core i7-3517U,1900,12/18/2012,240324,88319,10.0.0.35
fbe-113795,mq20021280,ASUSTeK COMPUTER INC.,UX31A,,Core i7-3517U,1900,01/13/2013,240324,110796,192.168.0.11
fbe-113803,mq20034762,ASUSTeK COMPUTER INC.,UX31A,,Core i7-3517U,1900,03/19/2013,244191,193791,10.41.20.16
fbe-113811,mq31293883,ASUSTeK COMPUTER INC.,UX31A,,Core i7-3517U,1900,03/19/2013,244191,119662,192.168.0.16
fbe-113829,MQ20135501,ASUSTeK COMPUTER INC.,UX31A,,Core i7-3517U,1900,03/19/2013,244191,109076,192.168.1.11
fbe-113837,mq20096845,ASUSTeK COMPUTER INC.,UX31A,,Core i7-3517U,1900,03/19/2013,244191,113878,10.72.2.218
fbe-113845,mq20096327,ASUSTeK COMPUTER INC.,UX31A,,Core i7-3517U,1900,1/11/2013,240324,193775,10.41.20.152
fbe-113852,mq20058667,ASUSTeK COMPUTER INC.,UX31A,,Core i7-3517U,1900,03/19/2013,244191,177335,10.72.3.235
fbe-113860,mq20045926,ASUSTeK COMPUTER INC.,UX31A,,Core i7-3517U,1900,03/19/2013,549434,244457,10.72.3.45
fbe-113886,MQ20133863,ASUSTeK COMPUTER INC.,UX31A,,Core i7-3517U,1900,03/19/2013,244191,81661,10.72.7.26
fbe-113894,mq20112685,ASUSTeK COMPUTER INC.,UX31A,,Core i7-3517U,1900,03/19/2013,244191,111902,10.72.3.228
fbe-113902,mq20058759,ASUSTeK COMPUTER INC.,UX31A,,Core i7-3517U,1900,03/19/2013,244191,192032,10.41.93.183
fbe-113910,mq20111487,ASUSTeK COMPUTER INC.,UX31A,,Core i7-3517U,1900,03/19/2013,244191,90107,10.72.2.239
fbe-113928,mq94500592,ASUSTeK COMPUTER INC.,UX31A,,Core i7-3517U,1900,03/19/2013,244191,181923,192.168.0.4
fbe-113936,42620015,ASUSTeK COMPUTER INC.,UX31A,,Core i7-3517U,1900,03/19/2013,244191,115752,10.72.69.209
fbe-113944,mq41909186,ASUSTeK COMPUTER INC.,UX31A,,Core i7-3517U,1900,03/19/2013,244191,182111,10.72.3.228
fbe-113951,mq40469735,ASUSTeK COMPUTER INC.,UX31A,,Core i7-3517U,1900,03/19/2013,244191,28021,10.41.26.77
fbe-113969,mq20111704,ASUSTeK COMPUTER INC.,UX31A,,Core i7-3517U,1900,03/19/2013,244191,182681,10.41.46.63
fbe-113977,mq20112760,ASUSTeK COMPUTER INC.,UX31A,,Core i7-3517U,1900,03/19/2013,244191,98027,10.72.3.57
fbe-113985,mq20097103,ASUSTeK COMPUTER INC.,UX31A,,Core i7-3517U,1900,03/19/2013,244191,120846,10.72.1.68
fbe-113993,MQ20132782,ASUSTeK COMPUTER INC.,UX31A,,Core i7-3517U,1900,03/20/2013,244191,194579,10.41.20.152
fbe-114009,mq20058759,ASUSTeK COMPUTER INC.,UX31A,,Core i7-3517U,1900,06/13/2013,256053,139854,10.41.16.248
fbe-114017,mq20111623,ASUSTeK COMPUTER INC.,UX31A,,Core i7-3517U,1900,03/26/2013,244196,176248,10.72.2.107
fbe-114025,mq72555211,ASUSTeK COMPUTER INC.,UX31A,,Core i7-3517U,1900,03/26/2013,244191,117695,10.41.69.208
fbe-114033,MQ20147686,ASUSTeK COMPUTER INC.,UX31A,,Core i7-3517U,1900,5/09/2014,244191,193787,10.41.20.152
fbe-114041,mq20111300,ASUSTeK COMPUTER INC.,UX31A,,Core i7-3517U,1900,06/13/2013,256058,199111,10.72.3.188
fbe-114058,mq70555249,ASUSTeK COMPUTER INC.,UX31A,,Core i7-3517U,1900,03/26/2013,244191,184410,10.41.41.63
fbe-114066,43314872,ASUSTeK COMPUTER INC.,UX31A,,Core i7-3517U,1900,06/19/2013,2151917,1965514,192.168.0.13
fbe-114074,mq42372348,ASUSTeK COMPUTER INC.,UX31A,,Core i7-3517U,1900,06/19/2013,244191,109325,192.168.1.9
fbe-114082,mq20096472,ASUSTeK COMPUTER INC.,UX31A,,Core i7-3517U,1900,03/26/2013,244191,59343,10.72.3.196
fbe-114132,mq41686403,ASUSTeK COMPUTER INC.,UX31A,,Core i7-3517U,1900,8/08/2013,244196,87351,192.168.0.5
fbe-114140,mq20109367,Toshiba,Portege Z930,PT235A-04D04X,Core i7-3687U,2100,07/30/2013,244196,136397,10.72.3.32
fbe-114157,mq20112569,Toshiba,Portege Z930,PT235A-04D04X,Core i7-3687U,2100,8/09/2013,244191,85232,10.72.3.62
fbe-114165,mq96316896,Toshiba,Portege Z930,PT235A-04D04X,Core i7-3687U,2100,8/09/2013,244191,189928,10.41.20.181
fbe-114173,MQ20132700,Toshiba,Portege Z930,PT235A-04D04X,Core i7-3687U,2100,8/07/2013,244191,94687,192.168.178.32
fbe-114181,mq20097262,Toshiba,Portege Z930,PT235A-04D04X,Core i7-3687U,2100,8/07/2013,244191,62711,10.72.3.76
fbe-114199,MQ20148776,Toshiba,Portege Z930,PT235A-04D04X,Core i7-3687U,2100,8/07/2013,244191,92549,10.72.2.163
fbe-114207,mq96305029,Toshiba,Portege Z930,PT235A-04D04X,Core i7-3687U,2100,8/07/2013,482665,75690,10.72.3.178
fbe-114215,MQ20130268,Toshiba,Portege Z930,PT235A-04D04X,Core i7-3687U,2100,8/07/2013,244191,82591,10.41.78.134
fbe-114223,MQ20134002,Toshiba,Portege Z930,PT235A-04D04X,Core i7-3687U,2100,8/08/2013,244191,44231,10.72.3.14
fbe-114231,mq20069876,Toshiba,Portege Z930,PT235A-04D04X,Core i7-3687U,2100,8/09/2013,2151887,1456945,10.72.3.206
fbe-114249,43510310,Toshiba,Portege Z930,PT235A-04D04X,Core i7-3687U,2100,8/09/2013,244191,61526,192.168.1.5
fbe-114256,40215717,Toshiba,Portege Z930,PT235A-04D04X,Core i7-3687U,2100,8/09/2013,244191,97431,
fbe-114264,mq91503159,Toshiba,Portege Z930,PT235A-04D04X,Core i7-3687U,2100,8/09/2013,244191,183914,192.168.0.10
fbe-114272,mq93500351,Toshiba,Portege Z930,PT235A-04D04X,Core i7-3687U,2100,8/09/2013,244191,81004,10.72.2.222
fbe-114280,mq20096629,Toshiba,Portege Z930,PT235A-04D04X,Core i7-3687U,2100,8/09/2013,244191,176563,10.72.3.137
fbe-114298,mq20121397,Toshiba,Portege Z930,PT235A-04D04X,Core i7-3687U,2100,8/09/2013,244191,101903,10.72.3.40
fbe-114306,mq20109573,Toshiba,Portege Z930,PT235A-04D04X,Core i7-3687U,2100,8/09/2013,244191,100083,10.41.57.59
fbe-114314,mq20097962,Toshiba,Portege Z930,PT235A-04D04X,Core i7-3687U,2100,8/09/2013,244191,74537,192.168.1.103
fbe-114322,mq20101880,Toshiba,Portege Z930,PT235A-04D04X,Core i7-3687U,2100,10/10/2013,244191,184779,10.41.33.83
fbe-114330,mq20096276,Toshiba,Portege Z930,PT235A-04D04X,Core i7-3687U,2100,8/07/2013,244191,79995,10.72.16.154
fbe-114348,MQ20138724,Toshiba,Portege Z930,PT235A-04D04X,Core i7-3687U,2100,8/09/2013,244191,86077,10.72.2.70
fbe-114355,42188261,Toshiba,Portege Z930,PT235A-04D04X,Core i7-3687U,2100,8/09/2013,244191,120065,10.72.127.202
fbe-114363,43235271,Toshiba,Portege Z930,PT235A-04D04X,Core i7-3687U,2100,8/07/2013,244191,194830,10.41.20.123
fbe-114371,mq20084232,Toshiba,Portege Z930,PT235A-04D04X,Core i7-3687U,2100,8/09/2013,256058,148621,141.20.105.238
fbe-114389,mqx802855,Toshiba,Portege Z930,PT235A-04D04X,Core i7-3687U,2100,8/09/2013,244191,111549,10.41.43.126
fbe-114397,mq40265757,Toshiba,Portege Z930,PT235A-04D04X,Core i7-3687U,2100,8/09/2013,244191,107260,192.168.0.27
fbe-114405,mq20112784,Toshiba,Portege Z930,PT235A-04D04X,Core i7-3687U,2100,8/09/2013,244191,176949,10.41.18.44
fbe-114413,41367502,Toshiba,Portege Z930,PT235A-04D04X,Core i7-3687U,2100,8/08/2013,244196,149973,10.72.73.226
fbe-114421,mq99004927,Toshiba,Portege Z930,PT235A-04D04X,Core i7-3687U,2100,8/09/2013,244191,48391,192.168.0.2
fbe-114439,mq20045682,Toshiba,Portege Z930,PT235A-04D04X,Core i7-3687U,2100,8/09/2013,244191,94724,10.41.36.198
fbe-114447,MQ20144276,Toshiba,Portege Z930,PT235A-04D04X,Core i7-3687U,2100,8/09/2013,4059605,3769544,10.41.27.124
fbe-114728,mq89503643,Toshiba,Portege Z930,PT235A-04D04X,Core i7-3687U,2100,11/30/2013,244191,89870,10.1.1.6
fbe-114736,43534910,Toshiba,Portege Z930,PT235A-04D04X,Core i7-3687U,2100,11/28/2013,244191,150294,192.168.0.12
fbe-114744,mq20021013,Toshiba,Portege Z930,PT235A-04D04X,Core i7-3687U,2100,11/20/2013,244191,179467,10.72.2.175
fbe-114751,43358438,Toshiba,Portege Z930,PT235A-04D04X,Core i7-3687U,2100,11/20/2013,244191,9835,10.72.79.176
fbe-114769,mq20006673,Toshiba,Portege Z930,PT235A-04D04X,Core i7-3687U,2100,11/20/2013,244191,149110,192.168.0.10
fbe-114777,MQ20142448,Toshiba,Portege Z930,PT235A-04D04X,Core i7-3687U,2100,11/28/2013,244191,80388,10.72.3.7
fbe-114785,mq41948289,Toshiba,Portege Z930,PT235A-04D04X,Core i7-3687U,2100,5/02/2014,244191,8382,192.168.1.3
fbe-114793,mq20111154,Toshiba,Portege Z930,PT235A-04D04X,Core i7-3687U,2100,11/28/2013,244191,187512,10.41.20.135
fbe-114801,mq20095984,Toshiba,Portege Z930,PT235A-04D04X,Core i7-3687U,2100,11/27/2013,1198061,153443,10.41.59.181
fbe-114819,mq20101251,Toshiba,Portege Z930,PT235A-04D04X,Core i7-3687U,2100,11/28/2013,244191,53250,10.72.3.56
fbe-114827,40252469,Toshiba,Portege Z930,PT235A-04D04X,Core i7-3687U,2100,11/28/2013,244191,81924,192.168.1.10
fbe-114835,41358988,Toshiba,Portege Z930,PT235A-04D04X,Core i7-3687U,2100,11/28/2013,244191,106734,192.168.0.2
fbe-114843,42467497,Toshiba,Portege Z930,PT235A-04D04X,Core i7-3687U,2100,11/20/2013,244191,83676,10.72.87.246
fbe-114850,MQ20137415,Toshiba,Portege Z930,PT235A-04D04X,Core i7-3687U,2100,11/20/2013,244191,59505,10.41.32.209
fbe-114868,MQ20137421,Toshiba,Portege Z930,PT235A-04D04X,Core i7-3687U,2100,11/20/2013,244191,174862,10.72.2.111
fbe-114876,mq20109497,Toshiba,Portege Z930,PT235A-04D04X,Core i7-3687U,2100,11/30/2013,244191,36826,10.72.2.54
fbe-114884,MQ20140500,Toshiba,Portege Z930,PT235A-04D04X,Core i7-3687U,2100,11/30/2013,244196,112896,10.72.3.144
fbe-114892,mq20060023,Toshiba,Portege Z930,PT235A-04D04X,Core i7-3687U,2100,11/30/2013,244191,72783,10.72.3.146
fbe-114900,41803701,Toshiba,Portege Z930,PT235A-04D04X,Core i7-3687U,2100,11/30/2013,244191,123523,10.72.87.149
fbe-114918,mq91501148,Toshiba,Portege Z930,PT235A-04D04X,Core i7-3687U,2100,11/28/2013,244196,148574,192.168.1.105
fbe-114926,42982502,Toshiba,Portege Z930,PT235A-04D04X,Core i7-3687U,2100,11/30/2013,244191,170093,10.71.0.152
fbe-114934,mqx803033,Toshiba,Portege Z930,PT235A-04D04X,Core i7-3687U,2100,11/27/2013,244191,12448,10.72.29.160
fbe-114942,MQ20140983,Toshiba,Portege Z930,PT235A-04D04X,Core i7-3687U,2100,11/28/2013,244191,169967,10.72.3.219
fbe-114959,MQ20140382,Toshiba,Portege Z930,PT235A-04D04X,Core i7-3687U,2100,11/30/2013,244191,24977,192.168.0.7
fbe-114967,MQ20133960,Toshiba,Portege Z930,PT235A-04D04X,Core i7-3687U,2100,11/30/2013,244191,187429,10.41.20.102
fbe-114975,mq99004049,Toshiba,Portege Z930,PT235A-04D04X,Core i7-3687U,2100,11/20/2013,244191,186442,10.41.66.108
fbe-114983,mq96303107,Toshiba,Portege Z930,PT235A-04D04X,Core i7-3687U,2100,1/10/2014,244191,59071,10.72.3.162
fbe-114991,mq20111709,Toshiba,Portege Z930,PT235A-04D04X,Core i7-3687U,2100,12/12/2013,244191,144334,10.72.2.200
fbe-115006,mq20120517,Toshiba,Portege Z930,PT235A-04D04X,Core i7-3687U,2100,1/02/2014,244191,107307,10.41.16.228
fbe-115014,mq84502789,Toshiba,Portege Z930,PT235A-04D04X,Core i7-3687U,2100,1/02/2014,244191,98336,10.41.57.166
fbe-115022,mq20111528,Toshiba,Portege Z930,PT235A-04D04X,Core i7-3687U,2100,12/11/2013,244191,66902,192.168.0.9
fbe-115030,mq89500504,Toshiba,Portege Z930,PT235A-04D04X,Core i7-3687U,2100,12/11/2013,244196,91110,192.168.1.13
fbe-115048,mq20072094,Toshiba,Portege Z930,PT235A-04D04X,Core i7-3687U,2100,12/11/2013,244191,168538,10.0.0.38
fbe-115055,mq20018147,Toshiba,Portege Z930,PT235A-04D04X,Core i7-3687U,2100,12/11/2013,244191,180259,10.72.2.63
fbe-115063,mq20046700,Toshiba,Portege Z930,PT235A-04D04X,Core i7-3687U,2100,1/09/2014,244191,94569,10.72.2.84
fbe-115071,mq20097199,Toshiba,Portege Z930,PT235A-04D04X,Core i7-3687U,2100,01/13/2014,244191,80717,10.41.57.96
fbe-115089,mq40628701,Toshiba,Portege Z930,PT235A-04D04X,Core i7-3687U,2100,01/23/2014,244191,62011,10.41.33.163
fbe-115097,mq20072680,Toshiba,Portege Z930,PT235A-04D04X,Core i7-3687U,2100,12/12/2013,244191,94615,10.72.2.205
fbe-115105,mq99004049,Toshiba,Portege Z930,PT235A-04D04X,Core i7-3687U,2100,1/02/2014,244191,71389,10.72.3.186
fbe-115113,mqx804212,Toshiba,Portege Z930,PT235A-04D04X,Core i7-3687U,2100,12/11/2013,244191,36517,
fbe-115121,mq20034282,Toshiba,Portege Z930,PT235A-04D04X,Core i7-3687U,2100,12/11/2013,721129,151050,10.72.3.22
fbe-115139,mq20045415,Toshiba,Portege Z930,PT235A-04D04X,Core i7-3687U,2100,1/02/2014,244191,102036,10.41.59.50
fbe-115147,MQ20137613,Toshiba,Portege Z930,PT235A-04D04X,Core i7-3687U,2100,1/10/2014,244191,182325,10.41.30.250
fbe-115154,mq20019299,Toshiba,Portege Z930,PT235A-04D04X,Core i7-3687U,2100,01/20/2014,244191,84730,10.72.3.50
fbe-115162,mq20109518,Toshiba,Portege Z930,PT235A-04D04X,Core i7-3687U,2100,1/10/2014,244191,52136,10.41.28.189
fbe-115170,mq20021873,Toshiba,Portege Z930,PT235A-04D04X,Core i7-3687U,2100,1/08/2014,244191,18169,10.72.2.117
fbe-115188,mq20111154,Toshiba,Portege Z930,PT235A-04D04X,Core i7-3687U,2100,12/11/2013,244191,179040,10.72.2.23
fbe-115196,mq20112592,Toshiba,Portege Z930,PT235A-04D04X,Core i7-3687U,2100,12/11/2013,244191,189818,10.41.17.168
fbe-115204,mq85501298,Toshiba,Portege Z930,PT235A-04D04X,Core i7-3687U,2100,12/11/2013,244191,101042,10.72.2.61
fbe-115212,mq94503214,Toshiba,Portege Z930,PT235A-04D04X,Core i7-3687U,2100,12/11/2013,244191,75597,58.104.3.129
fbe-115220,43504698,Toshiba,Portege Z930,PT235A-04D04X,Core i7-3687U,2100,12/11/2013,244191,163703,10.72.208.220
fbe-115238,mq93501641,Toshiba,Portege Z930,PT235A-04D04X,Core i7-3687U,2100,12/10/2013,244196,98621,192.168.1.43
fbe-115246,mq20120646,Toshiba,Portege Z930,PT235A-04D04X,Core i7-3687U,2100,6/12/2014,244191,175314,192.168.1.114
fbe-115303,mq20085837,ASUSTeK COMPUTER INC.,UX31A,,Core i7-3517U,1900,3/11/2013,244191,197615,10.41.19.17
fbe-115311,mq41986822,ASUSTeK COMPUTER INC.,UX31A,,Core i7-3517U,1900,3/11/2013,244191,52455,192.168.0.227
fbe-115329,mq41936906,ASUSTeK COMPUTER INC.,UX31A,,Core i7-3517U,1900,3/11/2013,244191,183947,10.41.20.16
fbe-115337,mq20111229,ASUSTeK COMPUTER INC.,UX31A,,Core i7-3517U,1900,03/14/2013,244191,58031,10.72.2.114
fbe-115345,mq93503776,ASUSTeK COMPUTER INC.,UX31A,,Core i7-3517U,1900,10/10/2013,244191,105988,10.72.3.73
fbe-115352,mq20084996,ASUSTeK COMPUTER INC.,UX31A,,Core i7-3517U,1900,03/14/2013,244191,107432,10.72.202.153
fbe-115360,MQ20145255,ASUSTeK COMPUTER INC.,UX31A,,Core i7-3517U,1900,03/14/2013,244191,188270,10.72.3.59
fbe-115378,mq41821505,ASUSTeK COMPUTER INC.,UX31A,,Core i7-3517U,1900,03/14/2013,244191,44137,10.72.3.57
fbe-115386,mq20006694,ASUSTeK COMPUTER INC.,UX31A,,Core i7-3517U,1900,03/14/2013,244191,197610,10.41.21.85
fbe-115394,MQ20133791,ASUSTeK COMPUTER INC.,UX31A,,Core i7-3517U,1900,03/14/2013,244191,193561,10.41.20.158
fbe-115402,mq20109122,ASUSTeK COMPUTER INC.,UX31A,,Core i7-3517U,1900,03/14/2013,244191,191783,10.72.181.10
fbe-115410,mq20021161,ASUSTeK COMPUTER INC.,UX31A,,Core i7-3517U,1900,03/14/2013,244191,88634,10.72.2.110
fbe-115428,MQ20134171,ASUSTeK COMPUTER INC.,UX31A,,Core i7-3517U,1900,06/18/2013,244191,101250,10.72.3.91
fbe-115436,MQ20138082,ASUSTeK COMPUTER INC.,UX31A,,Core i7-3517U,1900,03/14/2013,244191,104661,10.72.3.121
fbe-115444,mq20120177,ASUSTeK COMPUTER INC.,UX31A,,Core i7-3517U,1900,03/14/2013,244191,112397,10.72.3.79
fbe-115451,42778794,ASUSTeK COMPUTER INC.,UX31A,,Core i7-3517U,1900,03/14/2013,244191,59757,10.1.1.5
fbe-115469,mq20096276,ASUSTeK COMPUTER INC.,UX31A,,Core i7-3517U,1900,03/14/2013,256053,130685,192.168.0.12
fbe-115477,MQ20134940,ASUSTeK COMPUTER INC.,UX31A,,Core i7-3517U,1900,03/14/2013,721129,448767,10.72.3.104
fbe-115485,mq20101329,ASUSTeK COMPUTER INC.,UX31A,,Core i7-3517U,1900,03/14/2013,244191,192338,10.41.19.152
fbe-115493,mq41921771,Toshiba,Portege Z930,PT235A-04D04X,Core i7-3687U,2100,07/21/2013,244191,93204,10.41.75.161
fbe-115501,mq20085271,Toshiba,Portege Z930,PT235A-04D04X,Core i7-3687U,2100,7/01/2013,244191,94641,10.41.46.54
fbe-115527,mq42057221,Toshiba,Portege Z930,PT235A-04D04X,Core i7-3687U,2100,07/21/2013,244191,185847,10.41.22.29
fbe-115535,mq20101329,Toshiba,Portege Z930,PT235A-04D04X,Core i7-3687U,2100,7/02/2013,244191,74516,10.72.3.229
fbe-115543,mq20111763,Toshiba,Portege Z930,PT235A-04D04X,Core i7-3687U,2100,07/21/2013,244191,92909,10.41.38.185
fbe-115550,MQ20147240,Toshiba,Portege Z930,PT235A-04D04X,Core i7-3687U,2100,07/21/2013,244191,94636,10.41.72.223
fbe-115568-vm,mq20006694,innotek GmbH,VirtualBox,,Core i7-4960X,3600,12/08/2014,332800,193365,10.41.20.47
fbe-115576,mq20109053,Toshiba,Portege Z930,PT235A-04D04X,Core i7-3687U,2100,07/21/2013,244191,100827,10.72.2.218
fbe-115584,mq20121397,Toshiba,Portege Z930,PT235A-04D04X,Core i7-3687U,2100,07/21/2013,244191,80726,10.72.2.246
fbe-115592,mq20101411,Toshiba,Portege Z930,PT235A-04D04X,Core i7-3687U,2100,07/21/2013,244191,95205,10.41.72.222
fbe-115600,MQ20130268,Toshiba,Portege Z930,PT235A-04D04X,Core i7-3687U,2100,07/21/2013,244191,93749,10.72.3.27
fbe-115618,MQ20131378,Toshiba,Portege Z930,PT235A-04D04X,Core i7-3687U,2100,07/16/2013,244191,79237,10.41.26.80
fbe-115634,mq20071928,Toshiba,Portege Z930,PT235A-04D04X,Core i7-3687U,2100,07/21/2013,244191,82269,10.41.75.76
fbe-115998,mq20057705,Toshiba,Portege Z930,PT235A-04D04X,Core i7-3687U,2100,04/15/2015,244191,137058,10.72.3.96
fbe-116004,mq20084092,Toshiba,Portege Z930,PT235A-04D04X,Core i7-3687U,2100,09/19/2013,244191,186422,10.41.19.124
fbe-116012,mq20018228,Toshiba,Portege Z930,PT235A-04D04X,Core i7-3687U,2100,09/19/2013,244191,104470,10.0.0.35
fbe-116020,mq96319437,Toshiba,Portege Z930,PT235A-04D04X,Core i7-3687U,2100,09/19/2013,244196,124321,10.41.26.254
fbe-116038,MQ20130268,Toshiba,Portege Z930,PT235A-04D04X,Core i7-3687U,2100,09/19/2013,244191,167103,10.41.78.210
fbe-116046,mq20072096,Toshiba,Portege Z930,PT235A-04D04X,Core i7-3687U,2100,09/19/2013,244191,154549,192.168.1.6
fbe-116053,mq98003666,Toshiba,Portege Z930,PT235A-04D04X,Core i7-3687U,2100,09/19/2013,244191,88557,10.72.2.194
fbe-116061,mq20007398,Toshiba,Portege Z930,PT235A-04D04X,Core i7-3687U,2100,09/19/2013,244191,181348,10.41.25.48
fbe-116079,mq20019469,Toshiba,Portege Z930,PT235A-04D04X,Core i7-3687U,2100,09/20/2013,244191,97117,10.72.2.44
fbe-116087,MQ20140385,Toshiba,Portege Z930,PT235A-04D04X,Core i7-3687U,2100,09/19/2013,244191,20186,10.41.33.63
fbe-116095,mq20084233,Toshiba,Portege Z930,PT235A-04D04X,Core i7-3687U,2100,09/19/2013,244191,82573,10.41.36.222
fbe-116103,42982502,Toshiba,Portege Z930,PT235A-04D04X,Core i7-3687U,2100,09/19/2013,244191,185588,10.41.17.179
fbe-116111,41733665,Toshiba,Portege Z930,PT235A-04D04X,Core i7-3687U,2100,09/19/2013,244191,34157,10.0.1.6
fbe-116129,mq20101330,Toshiba,Portege Z930,PT235A-04D04X,Core i7-3687U,2100,09/19/2013,244191,178637,10.41.26.157
fbe-116137,mq20111956,Toshiba,Portege Z930,PT235A-04D04X,Core i7-3687U,2100,09/19/2013,244191,56392,10.72.3.46
fbe-116145,mq20120168,Toshiba,Portege Z930,PT235A-04D04X,Core i7-3687U,2100,09/19/2013,244191,79677,10.41.42.169
fbe-116152,mq20045669,Toshiba,Portege R830,PT320A-03N00701,Core i5-2410M,2300,2/08/2012,476938,212055,192.168.0.5
fbe-116160,mq20097962,Toshiba,Portege R830,PT320A-03N00701,Core i5-2410M,2300,4/08/2012,500105,61004,10.196.29.203
fbe-116178,mq20058759,Toshiba,Portege R830,PT320A-03N00701,Core i5-2410M,2300,09/13/2012,476938,185702,10.41.19.239
fbe-116186,mq20120679,Toshiba,Portege R830,PT320A-03N00701,Core i5-2410M,2300,09/13/2012,476938,46799,10.41.94.57
fbe-116194,mq20112230,Toshiba,Portege R830,PT320A-03N00701,Core i5-2410M,2300,03/20/2012,476938,144153,10.41.46.197
fbe-116202,mq20096845,Toshiba,Portege R830,PT320A-03N00701,Core i5-2410M,2300,09/14/2012,476938,102076,10.41.68.122
fbe-116210,mq20097199,Toshiba,Portege R830,PT320A-03N00701,Core i5-2410M,2300,7/10/2012,476938,381009,10.41.59.187
fbe-116236,mq90500172,Toshiba,Portege R830,PT320A-03N00701,Core i5-2410M,2300,04/23/2012,476938,112309,10.72.2.56
fbe-116244,mq40167852,Toshiba,Portege R830,PT320A-03N00701,Core i5-2410M,2300,04/22/2012,476938,195622,10.41.22.119
fbe-116251,mq20120519,Toshiba,Portege R830,PT320A-03N00701,Core i5-2410M,2300,8/08/2012,476938,197007,10.41.20.136
fbe-116269,mq90614798,Toshiba,Portege R830,PT320A-03N00701,Core i5-2410M,2300,2/07/2012,476938,113172,10.41.68.209
fbe-116277,mq20101568,Toshiba,Portege R830,PT320A-03N00701,Core i5-2410M,2300,09/14/2012,476938,81620,10.41.42.198
fbe-116285,mq92503829,Toshiba,Portege R830,PT320A-03N00701,Core i5-2410M,2300,09/13/2012,476938,195309,10.41.18.176
fbe-116293,mq20034282,Toshiba,Portege R830,PT320A-03N00701,Core i5-2410M,2300,4/09/2012,476938,195427,10.41.17.222
fbe-116335,mq20095942,LENOVO,ThinkPad T520,4242-PV6,Core i5-2520M,2500,7/09/2012,305243,106386,10.41.41.136
fbe-116343,mq20045595,LENOVO,ThinkPad T520,4242-PV6,Core i5-2520M,2500,09/14/2012,305243,110678,192.168.1.14
fbe-116350,mqx803592,LENOVO,ThinkPad T520,4242-PV6,Core i5-2520M,2500,2/07/2012,305243,102825,10.41.36.162
fbe-116368,mq20120517,LENOVO,ThinkPad T520,4242-PV6,Core i5-2520M,2500,10/07/2012,305243,185405,10.41.16.128
fbe-116376,mq20120013,LENOVO,ThinkPad T520,4242-PV6,Core i5-2520M,2500,05/25/2012,305243,104682,192.168.1.4
fbe-116384,mq20085216,LENOVO,ThinkPad T520,4242-PV6,Core i5-2520M,2500,2/09/2012,320070,18245,10.6.30.243
fbe-116392,mq87500256,LENOVO,ThinkPad T520,4242-PV6,Core i5-2520M,2500,10/18/2012,305243,115967,10.41.61.177
fbe-116400,mq20096125,LENOVO,ThinkPad T520,4242-PV6,Core i5-2520M,2500,09/13/2012,305243,96803,10.72.3.81
fbe-116426,mq91503159,LENOVO,ThinkPad T520,4242-CTO,Core i5-2520M,2500,09/24/2012,305243,117873,10.41.27.39
fbe-116434,mq20058979,LENOVO,ThinkPad T520,4242-CTO,Core i5-2520M,2500,09/13/2012,305243,118874,10.41.26.195
fbe-116442,mq20022321,LENOVO,ThinkPad T520,4242-CTO,Core i5-2520M,2500,09/14/2012,305243,116982,10.41.49.83
fbe-116459,mq20120861,LENOVO,ThinkPad T520,4242-CTO,Core i5-2520M,2500,9/11/2012,305243,118545,10.41.33.219
fbe-116467,mq20019030,LENOVO,ThinkPad T520,4242-CTO,Core i5-2520M,2500,09/13/2012,305243,100459,10.41.26.55
fbe-116475,mq20084232,LENOVO,ThinkPad T520,4242-CTO,Core i5-2520M,2500,11/30/2012,305243,194188,10.41.58.152
fbe-116491,mq96316896,Fujitsu,LIFEBOOK T730,,Core i5,2670,04/13/2012,476938,183107,10.72.3.141
fbe-116509,mq20083757,Fujitsu,LIFEBOOK T730,,Core i5,2670,8/08/2014,476938,109983,10.72.2.93
fbe-116517,mq89500504,Fujitsu,LIFEBOOK T730,,Core i5,2670,3/07/2012,476938,183200,192.168.0.9
fbe-116525,mq20006694,Fujitsu,LIFEBOOK T730,,Core i5,2670,2/10/2012,476938,198170,10.41.17.1
fbe-116533,mq93501676,ASUSTeK COMPUTER INC.,UX31A,,Core i7-3517U,1900,3/08/2013,244191,99514,10.41.24.167
fbe-116541,mq41948289,ASUSTeK COMPUTER INC.,UX31A,,Core i7-3517U,1900,3/08/2013,244191,14556,10.72.2.66
fbe-116558,mq87602059,ASUSTeK COMPUTER INC.,UX31A,,Core i7-3517U,1900,3/08/2013,244191,106785,10.72.2.56
fbe-116566,MQ20131980,ASUSTeK COMPUTER INC.,UX31A,,Core i7-3517U,1900,3/08/2013,244191,105717,10.41.27.5
fbe-116574,30666562,ASUSTeK COMPUTER INC.,UX31A,,Core i7-3517U,1900,3/07/2013,244191,186811,10.41.19.106
fbe-116582,MQ20130022,ASUSTeK COMPUTER INC.,UX31A,,Core i7-3517U,1900,3/07/2013,244191,115815,192.168.0.14
fbe-116590,mq20111299,ASUSTeK COMPUTER INC.,UX31A,,Core i7-3517U,1900,3/07/2013,244191,197617,10.41.17.65
fbe-116608,mq20120519,ASUSTeK COMPUTER INC.,UX31A,,Core i7-3517U,1900,3/07/2013,244191,109990,192.168.1.107
fbe-116616,mq20112749,ASUSTeK COMPUTER INC.,UX31A,,Core i7-3517U,1900,3/07/2013,244191,197231,10.41.21.114
fbe-116624,Fabrice Govinden,ASUSTeK COMPUTER INC.,UX31A,,Core i7-3517U,1900,3/11/2013,244196,204046,10.41.17.121
fbe-116640,mq41653858,ASUSTeK COMPUTER INC.,UX31A,,Core i7-3517U,1900,03/25/2013,244191,165247,192.168.0.15
fbe-116749,mqx803033,System manufacturer,System Product Name,,Core i7-4960X,3600,2/12/2014,3105754,887918,10.41.41.246
fbe-116848,MQ20140382,System manufacturer,System Product Name,,Core i7-4960X,3600,04/24/2014,488382,1849547,10.41.41.79
fbe-117002,MQ42753929,Toshiba,Portege R830,PT320A-03N00701,Core i5-2410M,2300,10/05/2012,476938,45889,10.41.93.98
fbe-117010,mq20085837,Toshiba,Portege R830,PT320A-03N00701,Core i5-2410M,2300,10/03/2012,476938,88704,10.196.28.228
fbe-117028,mq20095956,Toshiba,Portege R830,PT320A-03N00701,Core i5-2410M,2300,4/09/2012,476938,191240,10.41.34.195
fbe-117036,mq20096629,Toshiba,Portege R830,PT320A-03N00701,Core i5-2410M,2300,09/13/2012,476938,195209,10.41.20.166
fbe-117044,mq92502245,Toshiba,Portege R830,PT320A-03N00701,Core i5-2410M,2300,6/07/2012,476938,195475,10.41.20.134
fbe-117051,41828534,Toshiba,Portege R830,PT320A-03N00701,Core i5-2410M,2300,7/08/2012,476938,158011,10.72.172.70
fbe-117069,43102506,Toshiba,Portege R830,PT320A-03N00701,Core i5-2410M,2300,07/25/2013,476938,99169,10.72.202.87
fbe-117077,mq20006694,Toshiba,Portege R830,PT320A-03N00701,Core i5-2410M,2300,4/07/2014,476938,165972,10.72.2.125
fbe-117085,mq20060196,Toshiba,Portege R830,PT320A-03N00701,Core i5-2410M,2300,4/10/2012,476938,306855,10.0.0.8
fbe-117093,mq41543246,Toshiba,Portege R830,PT320A-03N00701,Core i5-2410M,2300,03/20/2013,476938,160971,192.168.0.23
fbe-117101,42977282,Toshiba,Portege R830,PT320A-03N00701,Core i5-2410M,2300,11/18/2013,476938,195188,10.41.20.177
fbe-117119,mq20096276,Toshiba,Portege R830,PT320A-03N00701,Core i5-2410M,2300,9/09/2012,476938,86935,10.41.61.134
fbe-117127,mq20072810,Toshiba,Portege R830,PT320A-03N00701,Core i5-2410M,2300,03/20/2012,476938,76078,10.41.26.49
fbe-117135,MQ20142029,Toshiba,Portege R830,PT320A-03N00701,Core i5-2410M,2300,04/23/2012,476938,187855,10.41.18.175
fbe-117143,mq20097610,Toshiba,Portege R830,PT320A-03N00701,Core i5-2410M,2300,09/13/2012,476938,190822,192.168.1.179
fbe-117309,mq20101568,ASUSTeK Computer INC.,ET2311I,,Core i5-4430S,2700,07/16/2013,122103,7588,10.41.76.18
fbe-117523,mq20101568,ASUSTeK Computer INC.,ET2311I,,Core i5-4430S,2700,7/12/2013,122103,20543,10.41.77.144
fbe-117549,mq20101568,ASUSTeK Computer INC.,ET2311I,,Core i5-4430S,2700,07/16/2013,122103,61670,10.41.77.15
fbe-117697,mq20109518,ASUSTeK Computer INC.,ET2311I,,Core i5-4430S,2700,07/16/2013,122103,27756,10.41.78.110
fbe-117994,mq20120519,ASUSTeK Computer INC.,ET2311I,,Core i5-4430S,2700,5/04/2015,122103,66714,10.41.22.245
fbe-118808,mq20006694,"VMware, Inc.",VMware Virtual Platform,,Core i5,2670,06/28/2013,322118,131687,10.41.21.227
fbe-119495,MQ20131377,ASUSTeK Computer INC.,ET2311I,,Core i5-4430S,2700,07/16/2013,122103,14068,10.41.76.182
fbe-119511,mq20112786,ASUSTeK Computer INC.,ET2311I,,Core i5-4430S,2700,07/16/2013,122103,14329,10.41.75.159
fbe-119529,mq20111676,ASUSTeK Computer INC.,ET2311I,,Core i5-4430S,2700,07/16/2013,122103,59852,10.41.78.66
fbe-119537,mq20109259,ASUSTeK Computer INC.,ET2311I,,Core i5-4430S,2700,07/16/2013,122103,33353,10.41.73.220
fbe-119982,mq20111677,ASUSTeK Computer INC.,ET2311I,,Core i5-4430S,2700,07/16/2013,122103,948,10.41.77.58
fbe-119990,mq20109368,ASUSTeK Computer INC.,ET2311I,,Core i5-4430S,2700,07/16/2013,122103,22146,10.41.76.109
fbe-120014,mq42662435,ASUSTeK Computer INC.,ET2311I,,Core i5-4430S,2700,07/23/2013,122103,872,10.41.74.174
fbe-120030,mq20120633,ASUSTeK Computer INC.,ET2311I,,Core i5-4430S,2700,07/16/2013,122103,25744,10.41.73.37
fbe-120303,mq20101904,Toshiba,Portege Z930,PT235A-04D04X,Core i7-3687U,2100,09/19/2013,244191,59009,10.41.36.214
fbe-120311,MQ20059486,Toshiba,Portege Z930,PT235A-04D04X,Core i7-3687U,2100,09/19/2013,244196,15521,10.126.31.148
fbe-120337,mq20069708,Toshiba,Portege Z930,PT235A-04D04X,Core i7-3687U,2100,09/19/2013,244191,99398,10.72.2.111
fbe-120345,mqx804154,Toshiba,Portege Z930,PT235A-04D04X,Core i7-3687U,2100,09/20/2013,244191,181785,10.0.0.56
fbe-120352,mq20072681,Toshiba,Portege Z930,PT235A-04D04X,Core i7-3687U,2100,09/19/2013,244191,86859,10.72.2.72
fbe-120360,mq87500701,Toshiba,Portege Z930,PT235A-04D04X,Core i7-3687U,2100,09/19/2013,2151892,1994446,10.72.3.161
fbe-120378,mq20111410,Toshiba,Portege Z930,PT235A-04D04X,Core i7-3687U,2100,09/19/2013,244191,92392,10.41.21.179
fbe-120386,mq20073100,Toshiba,Portege Z930,PT235A-04D04X,Core i7-3687U,2100,09/20/2013,244191,83836,10.72.3.170
fbe-120394,mq20097452,Toshiba,Portege Z930,PT235A-04D04X,Core i7-3687U,2100,08/29/2013,244191,50118,10.0.0.14
fbe-120402,MQ20133572,Toshiba,Portege Z930,PT235A-04D04X,Core i7-3687U,2100,02/25/2014,244191,186281,10.41.22.222
fbe-120410,MQ43020100,Toshiba,Portege Z930,PT235A-04D04X,Core i7-3687U,2100,02/25/2014,244191,198299,10.41.17.230
fbe-120428,mq20060031,Toshiba,Portege Z930,PT235A-04D04X,Core i7-3687U,2100,02/25/2014,244191,88850,10.41.68.166
fbe-120436,mq20120519,Toshiba,Portege Z930,PT235A-04D04X,Core i7-3687U,2100,02/25/2014,244191,185794,10.41.22.98
fbe-120444,mq20018881,Toshiba,Portege Z930,PT235A-04D04X,Core i7-3687U,2100,5/05/2014,244191,153671,10.41.58.184
fbe-120451,mq41330196,Toshiba,Portege Z930,PT235A-04D04X,Core i7-3687U,2100,02/25/2014,244191,91651,10.72.3.191
fbe-120469,mq20102169,Toshiba,Portege Z930,PT235A-04D04X,Core i7-3687U,2100,02/25/2014,244191,190002,10.41.22.115
fbe-120477,mq20006102,Toshiba,Portege Z930,PT235A-04D04X,Core i7-3687U,2100,02/25/2014,244191,83702,10.72.2.89
fbe-120485,MQ20142845,Toshiba,Portege Z930,PT235A-04D04X,Core i7-3687U,2100,02/25/2014,244191,82610,10.72.2.46
fbe-120501,mq20084422,Toshiba,Portege Z930,PT235A-04D04X,Core i7-3687U,2100,06/24/2014,244191,171528,10.41.32.144
fbe-120519,mq42298466,Toshiba,Portege Z930,PT235A-04D04X,Core i7-3687U,2100,04/22/2014,244196,135036,192.168.0.4
fbe-120527,MQ42232694,Toshiba,Portege Z930,PT235A-04D04X,Core i7-3687U,2100,04/22/2014,244191,156144,192.168.1.2
fbe-120535,mq20096747,Toshiba,Portege Z930,PT235A-04D04X,Core i7-3687U,2100,04/22/2014,244191,101865,10.41.66.3
fbe-120543,mq20069993,Toshiba,Portege Z930,PT235A-04D04X,Core i7-3687U,2100,04/22/2014,244191,103709,10.41.59.92
fbe-120550,mq96316896,Toshiba,Portege Z930,PT235A-04D04X,Core i7-3687U,2100,05/23/2014,244191,184313,10.41.28.113
fbe-120568,mq20111732,Toshiba,Portege Z930,PT235A-04D04X,Core i7-3687U,2100,04/23/2014,244191,103483,10.41.33.129
fbe-120576,mq42258790,Toshiba,Portege Z930,PT235A-04D04X,Core i7-3687U,2100,04/23/2014,244196,67687,10.72.7.134
fbe-120584,mq20101264,Toshiba,Portege Z930,PT235A-04D04X,Core i7-3687U,2100,04/22/2014,244191,189811,10.41.22.119
fbe-120592,mq86502549,Toshiba,Portege Z930,PT235A-04D04X,Core i7-3687U,2100,04/22/2014,244191,46873,192.168.1.14
fbe-120600,mq20072673,Toshiba,Portege Z930,PT235A-04D04X,Core i7-3687U,2100,4/04/2014,244191,177211,192.168.0.12
fbe-120618,mq20112662,Toshiba,Portege Z930,PT235A-04D04X,Core i7-3687U,2100,4/04/2014,244191,55327,10.72.3.135
fbe-120626,mq20022298,Toshiba,Portege Z930,PT235A-04D04X,Core i7-3687U,2100,04/22/2014,244191,103581,192.168.43.30
fbe-120634,42010551,Toshiba,Portege Z930,PT235A-04D04X,Core i7-3687U,2100,04/22/2014,244191,92993,10.72.185.71
fbe-120642,mq20069750,Toshiba,Portege Z930,PT235A-04D04X,Core i7-3687U,2100,04/22/2014,244191,51121,10.41.59.43
fbe-120659,MQ20139961,Toshiba,Portege Z930,PT235A-04D04X,Core i7-3687U,2100,04/22/2014,244191,102235,10.41.62.16
fbe-120667,mq20125514,Toshiba,Portege Z930,PT235A-04D04X,Core i7-3687U,2100,04/22/2014,244191,178507,10.41.59.154
fbe-120675,41157893,Toshiba,Portege Z930,PT235A-04D04X,Core i7-3687U,2100,04/22/2014,244196,136485,10.72.90.191
fbe-120683,mq20033694,Toshiba,Portege Z930,PT235A-04D04X,Core i7-3687U,2100,04/23/2014,244191,173202,10.41.36.64
fbe-120691,mq20071976,Toshiba,Portege Z930,PT235A-04D04X,Core i7-3687U,2100,04/22/2014,244191,61585,192.168.0.7
fbe-120709,mq20069898,Toshiba,Portege Z930,PT235A-04D04X,Core i7-3687U,2100,3/07/2014,244191,84438,10.72.3.181
fbe-120717,mq76500004,Toshiba,Portege Z930,PT235A-04D04X,Core i7-3687U,2100,3/07/2014,2151887,1991183,10.72.2.97
fbe-120725,43468233,Toshiba,Portege Z930,PT235A-04D04X,Core i7-3687U,2100,3/07/2014,244191,28334,192.168.1.12
fbe-120733,mq20095956,Toshiba,Portege Z930,PT235A-04D04X,Core i7-3687U,2100,3/07/2014,244191,156007,10.72.3.26
fbe-120741,mq20121484,Toshiba,Portege Z930,PT235A-04D04X,Core i7-3687U,2100,3/07/2014,244191,169223,10.41.57.181
fbe-120758,mq20046299,Toshiba,Portege Z930,PT235A-04D04X,Core i7-3687U,2100,3/07/2014,244191,174105,10.41.29.48
fbe-120766,mq20073628,Toshiba,Portege Z930,PT235A-04D04X,Core i7-3687U,2100,3/07/2014,244196,183852,10.72.3.67
fbe-120774,MQ20143416,Toshiba,Portege Z930,PT235A-04D04X,Core i7-3687U,2100,02/25/2014,244191,177060,10.72.2.254
fbe-120782,mq42258790,Toshiba,Portege Z930,PT235A-04D04X,Core i7-3687U,2100,5/04/2015,244191,187131,10.41.21.178
fbe-120790,mq74554700,Toshiba,Portege Z930,PT235A-04D04X,Core i7-3687U,2100,3/07/2014,244191,101029,10.41.30.179
fbe-120808,mq20101570,Toshiba,Portege Z930,PT235A-04D04X,Core i7-3687U,2100,3/07/2014,244191,194671,10.41.18.179
fbe-120816,mq92503829,Toshiba,Portege Z930,PT235A-04D04X,Core i7-3687U,2100,3/07/2014,244191,77576,10.41.60.101
fbe-120824,mq20018403,Toshiba,Portege Z930,PT235A-04D04X,Core i7-3687U,2100,3/07/2014,244191,171265,10.72.3.169
fbe-120832,mq20101406,Toshiba,Portege Z930,PT235A-04D04X,Core i7-3687U,2100,03/13/2014,244191,96379,10.72.2.19
fbe-120840,mq42301564,Toshiba,Portege Z930,PT235A-04D04X,Core i7-3687U,2100,3/07/2014,244191,71733,192.168.2.7
fbe-120857,mq20111460,Toshiba,Portege Z930,PT235A-04D04X,Core i7-3687U,2100,3/07/2014,244191,63886,10.160.15.122
fbe-120865,MQ20143174,Toshiba,Portege Z930,PT235A-04D04X,Core i7-3687U,2100,3/07/2014,244191,87762,10.72.3.118
fbe-120873,mq20120530,Toshiba,Portege Z930,PT235A-04D04X,Core i7-3687U,2100,03/13/2014,244191,184963,10.72.3.190
fbe-120881,mq20045663,Toshiba,Portege Z930,PT235A-04D04X,Core i7-3687U,2100,3/07/2014,244191,61561,10.41.26.196
fbe-120899,MQ20132905,Toshiba,Portege Z930,PT235A-04D04X,Core i7-3687U,2100,03/13/2014,244191,83943,10.72.3.126
fbe-120907,mq42662435,Toshiba,Portege Z930,PT235A-04D04X,Core i7-3687U,2100,03/14/2014,244191,76996,192.168.1.10
fbe-120915,42534100,Toshiba,Portege Z930,PT235A-04D04X,Core i7-3687U,2100,03/14/2014,244191,87045,10.41.84.195
fbe-120923,mq89607791,Toshiba,Portege Z930,PT235A-04D04X,Core i7-3687U,2100,03/13/2014,244191,184142,10.41.17.97
fbe-120931,mq97000247,Toshiba,Portege Z930,PT235A-04D04X,Core i7-3687U,2100,03/14/2014,244191,31511,10.72.3.13
fbe-120949,mq95503218,Toshiba,Portege Z930,PT235A-04D04X,Core i7-3687U,2100,03/13/2014,244191,96660,10.72.3.215
fbe-120956,mq88500543,Toshiba,Portege Z930,PT235A-04D04X,Core i7-3687U,2100,03/13/2014,244191,87377,192.168.0.106
fbe-120964,MQ20144276,Toshiba,Portege Z930,PT235A-04D04X,Core i7-3687U,2100,03/14/2014,244191,73498,10.41.26.219
fbe-120972,mq91501334,Toshiba,Portege Z930,PT235A-04D04X,Core i7-3687U,2100,03/13/2014,244191,98733,10.41.45.162
fbe-120980,mq20006108,Toshiba,Portege Z930,PT235A-04D04X,Core i7-3687U,2100,03/13/2014,244191,181885,10.72.2.217
fbe-120998,MQ20145201,Toshiba,Portege Z930,PT235A-04D04X,Core i7-3687U,2100,03/14/2014,244191,71282,10.41.50.109
fbe-121004,mq20101295,Toshiba,Portege Z930,PT235A-04D04X,Core i7-3687U,2100,04/22/2014,244191,181647,10.1.1.234
fbe-121012,43401767,Toshiba,Portege Z930,PT235A-04D04X,Core i7-3687U,2100,04/22/2014,244191,73695,10.72.95.28
fbe-121020,mq41057449,Toshiba,Portege Z930,PT235A-04D04X,Core i7-3687U,2100,04/22/2014,244191,100082,10.72.2.221
fbe-121038,mq20072678,Toshiba,Portege Z930,PT235A-04D04X,Core i7-3687U,2100,04/22/2014,244191,93951,10.72.3.79
fbe-121046,mq20069795,Toshiba,Portege Z930,PT235A-04D04X,Core i7-3687U,2100,04/22/2014,244196,120450,10.41.48.179
fbe-121053,mq20083859,Toshiba,Portege Z930,PT235A-04D04X,Core i7-3687U,2100,04/22/2014,244191,94869,10.72.3.199
fbe-121061,mq42378419,Toshiba,Portege Z930,PT235A-04D04X,Core i7-3687U,2100,04/22/2014,244191,103394,10.72.2.175
fbe-121079,MQ20132782,Toshiba,Portege Z930,PT235A-04D04X,Core i7-3687U,2100,04/22/2014,244191,75192,192.168.1.8
fbe-121087,mq94503214,Toshiba,Portege Z930,PT235A-04D04X,Core i7-3687U,2100,04/22/2014,244191,186141,10.41.26.19
fbe-1210955,mq20097452,Toshiba,Portege Z930,PT235A-04D04X,Core i7-3687U,2100,04/22/2014,244191,140315,10.41.43.104
fbe-121103,mq20101330,Toshiba,Portege Z930,PT235A-04D04X,Core i7-3687U,2100,04/23/2014,244191,96217,10.41.77.238
fbe-121111,43444318,Toshiba,Portege Z930,PT235A-04D04X,Core i7-3687U,2100,04/23/2014,244191,95699,10.163.42.6
fbe-121129,mq20120539,Toshiba,Portege Z930,PT235A-04D04X,Core i7-3687U,2100,04/23/2014,244191,157210,10.41.56.140
fbe-121137,42330009,Toshiba,Portege Z930,PT235A-04D04X,Core i7-3687U,2100,04/23/2014,244191,185694,10.41.17.217
fbe-121145,mq20112569,Toshiba,Portege Z930,PT235A-04D04X,Core i7-3687U,2100,04/23/2014,244191,84395,10.41.78.135
fbe-121152,mq42659345,Toshiba,Portege Z930,PT235A-04D04X,Core i7-3687U,2100,04/23/2014,244191,186130,10.41.19.236
fbe-121160,Bernard Gatimu,Toshiba,Portege Z930,PT235A-04D04X,Core i7-3687U,2100,04/23/2014,244191,5216,10.72.28.45
fbe-121178,mq20101330,Toshiba,Portege Z930,PT235A-04D04X,Core i7-3687U,2100,04/23/2014,244191,93186,10.72.3.167
fbe-121186,mq42617189,Toshiba,Portege Z930,PT235A-04D04X,Core i7-3687U,2100,04/23/2014,244191,74845,10.72.2.23
fbe-121194,mq20034282,Toshiba,Portege Z930,PT235A-04D04X,Core i7-3687U,2100,04/23/2014,244191,172864,192.168.0.8
fbe-121202,mq20058364,Toshiba,Portege Z930,PT235A-04D04X,Core i7-3687U,2100,3/07/2014,244191,71711,10.41.36.22
fbe-121210,mq20112171,Toshiba,Portege Z930,PT235A-04D04X,Core i7-3687U,2100,3/07/2014,244191,76402,10.72.3.130
fbe-121228,mq20083757,Toshiba,Portege Z930,PT235A-04D04X,Core i7-3687U,2100,3/07/2014,244191,58896,10.72.2.68
fbe-121236,MQ20143994,Toshiba,Portege Z930,PT235A-04D04X,Core i7-3687U,2100,3/07/2014,2151919,1765317,10.80.22.42
fbe-128900,mq20084345,Toshiba,Portege Z930,PT235A-04D04X,Core i7-3687U,2100,4/03/2014,244191,90832,10.41.30.229
fbe-128918,mq20019236,Toshiba,Portege Z930,PT235A-04D04X,Core i7-3687U,2100,4/03/2014,244191,99967,10.41.68.59
fbe-128926,mq20018842,Toshiba,Portege Z930,PT235A-04D04X,Core i7-3687U,2100,4/03/2014,244191,89652,192.168.0.7
fbe-128934,mq42659345,Toshiba,Portege Z930,PT235A-04D04X,Core i7-3687U,2100,4/03/2014,244196,140581,10.41.83.154
fbe-128942,mq85500496,Toshiba,Portege Z930,PT235A-04D04X,Core i7-3687U,2100,4/03/2014,244196,63227,10.72.2.185
fbe-128959,mqx804143,Toshiba,Portege Z930,PT235A-04D04X,Core i7-3687U,2100,4/03/2014,244191,87503,10.41.72.100
fbe-128967,mq20120646,Toshiba,Portege Z930,PT235A-04D04X,Core i7-3687U,2100,4/03/2014,244191,179661,10.41.16.103
fbe-128975,mq69555168,Toshiba,Portege Z930,PT235A-04D04X,Core i7-3687U,2100,4/03/2014,244191,92425,10.41.44.164
fbe-128983,43233783,Toshiba,Portege Z930,PT235A-04D04X,Core i7-3687U,2100,4/03/2014,244191,76235,10.41.18.130
fbe-128991,mq20072406,Toshiba,Portege Z930,PT235A-04D04X,Core i7-3687U,2100,4/03/2014,244196,177222,10.72.2.153
fbe-129007,mq20101411,Toshiba,Portege Z930,PT235A-04D04X,Core i7-3687U,2100,4/04/2014,244191,88146,10.41.73.31
fbe-129015,MQ20142467,Toshiba,Portege Z930,PT235A-04D04X,Core i7-3687U,2100,4/04/2014,244191,86922,10.41.30.56
fbe-129023,MQ20130327,Toshiba,Portege Z930,PT235A-04D04X,Core i7-3687U,2100,4/04/2014,244191,97286,10.41.75.191
fbe-129031,mq92500021,Toshiba,Portege Z930,PT235A-04D04X,Core i7-3687U,2100,4/04/2014,244191,93210,10.72.3.216
fbe-129049,mq20112569,Toshiba,Portege Z930,PT235A-04D04X,Core i7-3687U,2100,4/04/2014,244191,50649,10.72.3.136
fbe-129056,mq20111411,Toshiba,Portege Z930,PT235A-04D04X,Core i7-3687U,2100,4/04/2014,244191,24575,10.72.3.55
fbe-129064,mq20060095,Toshiba,Portege Z930,PT235A-04D04X,Core i7-3687U,2100,4/03/2014,244191,60471,192.168.1.111
fbe-129072,MQ20130327,Toshiba,Portege Z930,PT235A-04D04X,Core i7-3687U,2100,4/03/2014,244191,75519,10.72.2.22
fbe-129080,mq92501761,Toshiba,Portege Z930,PT235A-04D04X,Core i7-3687U,2100,4/03/2014,244191,87719,10.72.2.158
fbe-129098,mq20018356,Toshiba,Portege Z930,PT235A-04D04X,Core i7-3687U,2100,4/03/2014,244191,101063,10.72.3.18
fbe-129106,mq20112678,Toshiba,Portege Z930,PT235A-04D04X,Core i7-3687U,2100,4/04/2014,244191,164558,10.41.27.112
fbe-129114,mqx802956,Toshiba,Portege Z930,PT235A-04D04X,Core i7-3687U,2100,4/04/2014,244191,186599,10.41.17.39
fbe-129122,mq20109120,Toshiba,Portege Z930,PT235A-04D04X,Core i7-3687U,2100,4/04/2014,244191,166720,10.41.43.40
fbe-129130,mq20071980,Toshiba,Portege Z930,PT235A-04D04X,Core i7-3687U,2100,4/08/2014,244191,177558,10.72.2.166
fbe-129148,mq20120510,Toshiba,Portege Z930,PT235A-04D04X,Core i7-3687U,2100,4/04/2014,244191,158134,10.41.42.113
fbe-129155,MQ43104061,Toshiba,Portege Z930,PT235A-04D04X,Core i7-3687U,2100,4/04/2014,244191,146620,192.168.1.4
fbe-129163,mq42635209,Toshiba,Portege Z930,PT235A-04D04X,Core i7-3687U,2100,4/04/2014,244191,182941,10.72.2.135
fbe-129171,mq20006004,Toshiba,Portege Z930,PT235A-04D04X,Core i7-3687U,2100,4/04/2014,244191,95137,10.72.3.85
fbe-129189,mq20101568,Toshiba,Portege Z930,PT235A-04D04X,Core i7-3687U,2100,4/04/2014,244191,156749,10.41.41.103
fbe-129197,mq20084981,Toshiba,Portege Z930,PT235A-04D04X,Core i7-3687U,2100,4/04/2014,244191,88773,10.72.2.130
fbe-129205,mq20061195,Toshiba,Portege Z930,PT235A-04D04X,Core i7-3687U,2100,04/16/2014,244191,157306,10.72.3.165
fbe-129213,mq20112651,Toshiba,Portege Z930,PT235A-04D04X,Core i7-3687U,2100,03/25/2014,244191,101974,10.0.0.12
fbe-129221,mq20006108,Toshiba,Portege Z930,PT235A-04D04X,Core i7-3687U,2100,03/25/2014,244191,100173,10.41.43.193
fbe-129239,mq20121774,Toshiba,Portege Z930,PT235A-04D04X,Core i7-3687U,2100,03/25/2014,244191,77501,10.41.28.17
fbe-129247,mq20112835,Toshiba,Portege Z930,PT235A-04D04X,Core i7-3687U,2100,03/25/2014,244191,102518,10.41.69.115
fbe-129254,mq20046555,Toshiba,Portege Z930,PT235A-04D04X,Core i7-3687U,2100,03/25/2014,244191,92846,10.41.29.101
fbe-129262,mq20069878,Toshiba,Portege Z930,PT235A-04D04X,Core i7-3687U,2100,03/25/2014,244191,103597,10.41.25.167
fbe-129270,MQ20141285,Toshiba,Portege Z930,PT235A-04D04X,Core i7-3687U,2100,03/25/2014,244191,183984,10.72.2.179
fbe-129288,mq20121541,Toshiba,Portege Z930,PT235A-04D04X,Core i7-3687U,2100,03/25/2014,244191,154228,
fbe-129296,MQ20061180,Toshiba,Portege Z930,PT235A-04D04X,Core i7-3687U,2100,03/25/2014,1198060,949582,10.72.3.220
fbe-129304,mq20111487,Toshiba,Portege Z930,PT235A-04D04X,Core i7-3687U,2100,3/07/2014,244191,94170,10.41.22.166
fbe-129312,mq20084232,System manufacturer,System Product Name,,Core i7-4960X,3600,03/28/2014,2151922,968336,10.41.40.118
fbe-129338,mq20084919,System manufacturer,System Product Name,,Core i7-4960X,3600,4/07/2014,2396109,348876,10.41.17.219
fbe-129353,MQ20143168,Toshiba,Portege Z930,PT235A-04D04X,Core i7-3687U,2100,06/15/2014,244191,175962,10.41.33.85
fbe-129361,mq20152540,Toshiba,Portege Z930,PT235A-04D04X,Core i7-3687U,2100,06/15/2014,244191,160965,10.72.3.243
fbe-129379,mq92501184,Toshiba,Portege Z930,PT235A-04D04X,Core i7-3687U,2100,8/12/2014,244191,106022,10.72.3.117
fbe-129387,MQ20148196,Toshiba,Portege Z930,PT235A-04D04X,Core i7-3687U,2100,8/12/2014,244191,95890,10.41.24.209
fbe-129403,mqx803030,Toshiba,Portege Z930,PT235A-04D04X,Core i7-3687U,2100,7/10/2014,244196,155581,192.168.1.102
fbe-129411,mq70555249,Toshiba,Portege Z930,PT235A-04D04X,Core i7-3687U,2100,7/04/2014,244191,184411,10.41.22.100
fbe-129429,MQ20143417,Toshiba,Portege Z930,PT235A-04D04X,Core i7-3687U,2100,06/24/2014,244191,56942,10.72.3.166
fbe-129437,mq20072705,Toshiba,Portege Z930,PT235A-04D04X,Core i7-3687U,2100,7/04/2014,244191,18589,10.72.3.158
fbe-129445,41098153,Toshiba,Portege Z930,PT235A-04D04X,Core i7-3687U,2100,7/10/2014,244191,90593,192.168.1.7
fbe-129452,mq96319437,Toshiba,Portege Z930,PT235A-04D04X,Core i7-3687U,2100,7/10/2014,244196,180890,10.72.2.69
fbe-129460,MQ20148097,Toshiba,Portege Z930,PT235A-04D04X,Core i7-3687U,2100,8/04/2014,244191,50272,10.72.2.35
fbe-129478,mq40460037,Toshiba,Portege Z930,PT235A-04D04X,Core i7-3687U,2100,06/17/2014,244191,137406,10.72.3.140
fbe-129486,mq20111977,Toshiba,Portege Z930,PT235A-04D04X,Core i7-3687U,2100,06/20/2014,244191,80271,192.168.0.4
fbe-129494,MQ20144333,Toshiba,Portege Z930,PT235A-04D04X,Core i7-3687U,2100,8/04/2014,244191,53698,10.72.15.150
fbe-129502,MQ20147655,Toshiba,Portege Z930,PT235A-04D04X,Core i7-3687U,2100,7/10/2014,244191,175822,10.72.2.23
fbe-129510,mq20073100,Toshiba,Portege Z930,PT235A-04D04X,Core i7-3687U,2100,7/04/2014,244191,102497,10.41.34.225
fbe-129528,mq99004319,Toshiba,Portege Z930,PT235A-04D04X,Core i7-3687U,2100,7/04/2014,244196,192262,10.72.3.113
fbe-129536,mq20021687,Toshiba,Portege Z930,PT235A-04D04X,Core i7-3687U,2100,7/10/2014,244196,56021,10.72.3.241
fbe-129544,43718353,Toshiba,Portege Z930,PT235A-04D04X,Core i7-3687U,2100,8/12/2014,244191,107270,10.0.0.10
fbe-129551,MQ20143257,Toshiba,Portege Z930,PT235A-04D04X,Core i7-3687U,2100,8/12/2014,244191,70411,10.72.3.203
fbe-129585,mq20096415,Toshiba,Portege Z930,PT235A-04D04X,Core i7-3687U,2100,7/04/2014,244191,75910,192.168.1.6
fbe-129593,mq20120519,Toshiba,Portege Z930,PT235A-04D04X,Core i7-3687U,2100,7/04/2014,244191,146606,10.72.2.217
fbe-129601,mq20007114,Toshiba,Portege Z930,PT235A-04D04X,Core i7-3687U,2100,8/12/2014,244191,98784,10.72.3.174
fbe-129619,mq20109499,Toshiba,Portege Z930,PT235A-04D04X,Core i7-3687U,2100,8/04/2014,244191,98139,192.168.1.3
fbe-129627,43706304,Toshiba,Portege Z930,PT235A-04D04X,Core i7-3687U,2100,8/01/2014,244191,176136,10.1.1.10
fbe-129635,mq20120638,Toshiba,Portege Z930,PT235A-04D04X,Core i7-3687U,2100,7/04/2014,244191,24459,10.72.2.140
fbe-129643,42311837,Toshiba,Portege Z930,PT235A-04D04X,Core i7-3687U,2100,7/04/2014,244191,85414,10.72.182.109
fbe-129650,mq20113531,Toshiba,Portege Z930,PT235A-04D04X,Core i7-3687U,2100,06/15/2014,244191,177282,10.72.4.186
fbe-129668,mq89602781,Toshiba,Portege Z930,PT235A-04D04X,Core i7-3687U,2100,06/15/2014,244191,186062,10.41.69.167
fbe-129676,mq90501004,Toshiba,Portege Z930,PT235A-04D04X,Core i7-3687U,2100,06/15/2014,244191,173883,10.72.2.64
fbe-129684,mq88500047,Toshiba,Portege Z930,PT235A-04D04X,Core i7-3687U,2100,06/17/2014,244191,71413,10.41.24.149
fbe-129692,mq20120989,Toshiba,Portege Z930,PT235A-04D04X,Core i7-3687U,2100,06/17/2014,244191,157286,192.168.71.50
fbe-129700,MQ20130582,Toshiba,Portege Z930,PT235A-04D04X,Core i7-3687U,2100,6/12/2014,244196,188343,10.41.88.162
fbe-129718,MQ20126620,Toshiba,Portege Z930,PT235A-04D04X,Core i7-3687U,2100,6/12/2014,244191,145824,10.72.2.145
fbe-129726,mq20072063,Toshiba,Portege Z930,PT235A-04D04X,Core i7-3687U,2100,6/12/2014,244191,172552,10.72.2.93
fbe-129734,mq20109504,Toshiba,Portege Z930,PT235A-04D04X,Core i7-3687U,2100,6/10/2014,244191,198173,10.41.16.136
fbe-129742,mq42054656,Toshiba,Portege Z930,PT235A-04D04X,Core i7-3687U,2100,06/15/2014,244191,168191,10.72.2.60
fbe-129783,mq93501641,,Core i7-3960X 3300 System,,Core i7-3960X,3300,10/16/2012,228936,72211,10.41.46.10
fbe-129841,mq91501334,ASUSTeK Computer Inc.,UX31E,,Core i7-2677M,1800,08/15/2012,244191,112083,10.0.0.3
fbe-129890,mq93503776,ASUSTeK Computer Inc.,UX31E,,Core i7-2677M,1800,10/01/2012,244191,38502,10.0.0.38
fbe-129940,mq87500701,ASUSTeK Computer Inc.,UX31E,,Core i7-2677M,1800,5/09/2012,256053,136887,192.168.0.4
fbe-129957,mq20034282,Toshiba,Portege Z930,PT235A-04D04X,Core i7-3687U,2100,6/11/2013,244191,189754,10.41.17.62
fbe-129999,mq90500431,LENOVO,ThinkPad T520,4242-CTO,Core i5-2520M,2500,09/14/2012,1411704,1047319,10.41.36.122
fbe-2010113,mq20045595,Toshiba,Portege Z30-A,PT241A-03E001,Core i7-4600U,2100,11/05/2014,244191,185687,192.168.0.19
fbe-2010120,MQ20130265,Toshiba,Portege Z30-A,PT241A-03E001,Core i7-4600U,2100,10/08/2014,244191,178261,10.72.2.41
fbe-2010137,mq20120519,Toshiba,Portege Z30-A,PT241A-03E001,Core i7-4600U,2100,11/04/2014,1198060,1090540,10.72.3.173
fbe-2010144,mq20149754,Toshiba,Portege Z30-A,PT241A-03E001,Core i7-4600U,2100,11/05/2014,244191,187944,10.41.20.10
fbe-2010151,mq20045669,Toshiba,Portege Z30-A,PT241A-03E001,Core i7-4600U,2100,10/08/2014,244196,92992,10.72.3.101
fbe-2010168,mq20112230,Toshiba,Portege Z30-A,PT241A-03E001,Core i7-4600U,2100,11/04/2014,244196,137788,10.41.40.195
fbe-2010175,mq90500431,Toshiba,Portege Z30-A,PT241A-03E001,Core i7-4600U,2100,10/08/2014,1350653,1113150,10.41.36.73
fbe-2010182,Andy Baho,Toshiba,Portege Z30-A,PT241A-03E001,Core i7-4600U,2100,11/05/2014,244196,181853,10.41.20.213
fbe-2010199,42673542,Toshiba,Portege Z30-A,PT241A-03E001,Core i7-4600U,2100,10/08/2014,244191,163925,10.72.90.181
fbe-2010205,mq90500172,Toshiba,Portege Z30-A,PT241A-03E001,Core i7-4600U,2100,11/04/2014,244191,179258,10.0.0.77
fbe-2010212,mq20095942,Toshiba,Portege Z30-A,PT241A-03E001,Core i7-4600U,2100,10/08/2014,244191,170351,10.41.43.73
fbe-2010229,mq20120519,Toshiba,Portege Z30-A,PT241A-03E001,Core i7-4600U,2100,11/05/2014,244191,181317,10.72.3.162
fbe-2010236,mq20120519,Toshiba,Portege Z30-A,PT241A-03E001,Core i7-4600U,2100,04/13/2015,244191,183231,10.41.20.129
fbe-2010243,mq20120519,Toshiba,Portege Z30-A,PT241A-03E001,Core i7-4600U,2100,04/30/2015,244191,185059,10.41.18.220
fbe-2010250,,Toshiba,Portege Z30-A,PT241A-03E001,Core i7-4600U,2100,04/30/2015,244191,183472,10.41.20.56
fbe-2010298,mq89502973,Toshiba,Portege Z30-A,PT241A-03E001,Core i7-4600U,2100,11/25/2014,244191,101170,10.41.34.252
fbe-2010304,mq20120519,Toshiba,Portege Z30-A,PT241A-03E001,Core i7-4600U,2100,11/19/2014,244191,187951,10.41.20.55
fbe-2010311,mq20120519,Toshiba,Portege Z30-A,PT241A-03E001,Core i7-4600U,2100,11/25/2014,244191,48325,192.168.1.20
fbe-2010328,mqx803264,Toshiba,Portege Z30-A,PT241A-03E001,Core i7-4600U,2100,11/26/2014,244191,185552,10.41.17.154
fbe-2010335,41946472,Toshiba,Portege Z30-A,PT241A-03E001,Core i7-4600U,2100,11/25/2014,244191,164224,10.41.82.51
fbe-2010342,41121139,Toshiba,Portege Z30-A,PT241A-03E001,Core i7-4600U,2100,11/25/2014,244191,177901,192.168.0.106
fbe-2010359,mq20120519,Toshiba,Portege Z30-A,PT241A-03E001,Core i7-4600U,2100,12/10/2014,244191,187965,10.41.21.141
fbe-2010359-vm,mq20006694,innotek GmbH,VirtualBox,,Core i7-4578U,3000,12/12/2014,317433,201188,10.41.21.174
fbe-2010366,mq20047007,Toshiba,Portege Z30-A,PT241A-03E001,Core i7-4600U,2100,11/19/2014,244191,181571,10.41.44.125
fbe-2010373,MQ20130265,Toshiba,Portege Z30-A,PT241A-03E001,Core i7-4600U,2100,11/26/2014,244191,169563,10.41.28.238
fbe-2010380,mq20102169,Toshiba,Portege Z30-A,PT241A-03E001,Core i7-4600U,2100,11/26/2014,244191,181782,10.41.37.178
fbe-2010397,mq20097185,Toshiba,Portege Z30-A,PT241A-03E001,Core i7-4600U,2100,11/26/2014,244191,179409,10.72.3.80
fbe-2010403,mq20111528,Toshiba,Portege Z30-A,PT241A-03E001,Core i7-4600U,2100,11/25/2014,244191,69438,192.168.0.2
fbe-2010410,43341411,Toshiba,Portege Z30-A,PT241A-03E001,Core i7-4600U,2100,4/08/2015,244191,160780,169.254.3.33
fbe-2010427,mq20120519,Toshiba,Portege Z30-A,PT241A-03E001,Core i7-4600U,2100,04/30/2015,244191,182290,10.41.20.133
fbe-2010434,,Toshiba,Portege Z30-A,PT241A-03E001,Core i7-4600U,2100,04/30/2015,244191,184310,10.41.17.154
fbe-2010472,mq20120519,Toshiba,Portege Z30-A,PT241A-03E001,Core i7-4600U,2100,4/07/2015,244191,196406,10.41.19.162
fbe-2010489,Andy Baho,Toshiba,Portege Z30-A,PT241A-03E001,Core i7-4600U,2100,12/19/2014,244191,180913,10.41.19.186
fbe-2010496,mq20120519,Toshiba,Portege Z30-A,PT241A-03E001,Core i7-4600U,2100,01/13/2015,244191,185008,10.41.18.91
fbe-2010502,mq20120519,Toshiba,Portege Z30-A,PT241A-03E001,Core i7-4600U,2100,03/17/2015,244191,180287,10.41.19.7
fbe-2010519,mq69555168,Toshiba,Portege Z30-A,PT241A-03E001,Core i7-4600U,2100,1/12/2015,244191,176744,10.1.1.5
fbe-2010526,MQ20142029,Toshiba,Portege Z30-A,PT241A-03E001,Core i7-4600U,2100,4/07/2015,244191,182735,10.41.17.35
fbe-2010533,mq20058759,Toshiba,Portege Z30-A,PT241A-03E001,Core i7-4600U,2100,01/13/2015,244196,111499,10.41.22.177
fbe-2010540,43139108,Toshiba,Portege Z30-A,PT241A-03E001,Core i7-4600U,2100,4/07/2015,244191,178761,192.168.0.2
fbe-2010557,mq20058759,Toshiba,Portege Z30-A,PT241A-03E001,Core i7-4600U,2100,4/07/2015,244191,179096,10.72.3.212
fbe-2010564,mq20021161,Toshiba,Portege Z30-A,PT241A-03E001,Core i7-4600U,2100,1/09/2015,1198027,1085812,192.168.1.5
fbe-2010571,44532709,Toshiba,Portege Z30-A,PT241A-03E001,Core i7-4600U,2100,1/09/2015,244191,170107,192.168.1.5
fbe-2010588,mq20120516,Toshiba,Portege Z30-A,PT241A-03E001,Core i7-4600U,2100,01/13/2015,244191,162537,192.168.1.104
fbe-2010595,,Toshiba,Portege Z30-A,PT241A-03E001,Core i7-4600U,2100,04/30/2015,244191,183483,10.41.20.196
fbe-2010601,mq20120519,Toshiba,Portege Z30-A,PT241A-03E001,Core i7-4600U,2100,04/30/2015,244191,185065,10.41.20.246
fbe-2010656,mq20033283,Toshiba,Portege Z30-A,PT241A-03E001,Core i7-4600U,2100,4/07/2015,244191,184144,10.41.18.146
fbe-2010663,mq20154028,Toshiba,Portege Z30-A,PT241A-03E001,Core i7-4600U,2100,03/17/2015,244191,154889,10.41.30.236
fbe-2010670,mq20120519,Toshiba,Portege Z30-A,PT241A-03E001,Core i7-4600U,2100,03/17/2015,244191,166104,169.254.151.192
fbe-2010687,mq20101264,Toshiba,Portege Z30-A,PT241A-03E001,Core i7-4600U,2100,03/17/2015,244191,175333,10.41.68.124
fbe-2010694,41367502,Toshiba,Portege Z30-A,PT241A-03E001,Core i7-4600U,2100,1/12/2015,244191,151073,192.168.1.14
fbe-2010700,42488648,Toshiba,Portege Z30-A,PT241A-03E001,Core i7-4600U,2100,4/07/2015,244191,196313,10.41.17.225
fbe-2010717,mq20120530,Toshiba,Portege Z30-A,PT241A-03E001,Core i7-4600U,2100,4/07/2015,244191,180409,10.72.2.21
fbe-2010724,mq20120519,Toshiba,Portege Z30-A,PT241A-03E001,Core i7-4600U,2100,4/07/2015,244191,187962,10.41.17.86
fbe-2010731,mq20152270,Toshiba,Portege Z30-A,PT241A-03E001,Core i7-4600U,2100,12/19/2014,244191,180090,10.72.2.101
fbe-2010748,mq20101710,Toshiba,Portege Z30-A,PT241A-03E001,Core i7-4600U,2100,1/09/2015,244191,153587,10.41.57.209
fbe-2010755,mq20120519,Toshiba,Portege Z30-A,PT241A-03E001,Core i7-4600U,2100,1/09/2015,244191,192796,10.41.17.134
fbe-2010762,mq20109367,Toshiba,Portege Z30-A,PT241A-03E001,Core i7-4600U,2100,1/12/2015,244191,149415,10.41.57.26
fbe-2010779,,Toshiba,Portege Z30-A,PT241A-03E001,Core i7-4600U,2100,04/30/2015,244191,183265,10.41.18.239
fbe-2010786,mq20120519,Toshiba,Portege Z30-A,PT241A-03E001,Core i7-4600U,2100,04/30/2015,244191,183269,10.41.17.29
fbe-2010830,mq20149416,Toshiba,Portege Z30-A,PT241A-03E001,Core i7-4600U,2100,12/19/2014,244191,166142,10.72.2.66
fbe-2010847,mq20152542,Toshiba,Portege Z30-A,PT241A-03E001,Core i7-4600U,2100,12/12/2014,244191,183250,10.72.28.67
fbe-2010854,mq20153418,Toshiba,Portege Z30-A,PT241A-03E001,Core i7-4600U,2100,03/17/2015,244191,174439,10.72.29.88
fbe-2010861,mqx801074,Toshiba,Portege Z30-A,PT241A-03E001,Core i7-4600U,2100,1/12/2015,244191,177552,10.41.73.88
fbe-2010878,mq20109122,Toshiba,Portege Z30-A,PT241A-03E001,Core i7-4600U,2100,1/12/2015,244191,178480,10.41.36.68
fbe-2010885,41828534,Toshiba,Portege Z30-A,PT241A-03E001,Core i7-4600U,2100,4/07/2015,244191,158646,10.72.69.211
fbe-2010892,mq20120519,Toshiba,Portege Z30-A,PT241A-03E001,Core i7-4600U,2100,4/07/2015,244191,196298,10.41.21.234
fbe-2010908,mq20120519,Toshiba,Portege Z30-A,PT241A-03E001,Core i7-4600U,2100,4/07/2015,244191,196356,10.41.20.162
fbe-2010915,mq20045669,Toshiba,Portege Z30-A,PT241A-03E001,Core i7-4600U,2100,1/09/2015,244191,175909,192.168.0.3
fbe-2010922,mq20035343,Toshiba,Portege Z30-A,PT241A-03E001,Core i7-4600U,2100,1/09/2015,244191,165559,10.41.34.103
fbe-2010939,mq70555249,Toshiba,Portege Z30-A,PT241A-03E001,Core i7-4600U,2100,1/09/2015,1198058,1001915,192.168.0.14
fbe-2010946,43722008,Toshiba,Portege Z30-A,PT241A-03E001,Core i7-4600U,2100,01/13/2015,244191,163771,10.72.122.16
fbe-2010953,mq20120519,Toshiba,Portege Z30-A,PT241A-03E001,Core i7-4600U,2100,04/30/2015,244191,184019,10.41.22.31
fbe-2010960,,Toshiba,Portege Z30-A,PT241A-03E001,Core i7-4600U,2100,04/30/2015,244191,184180,10.41.21.159
fbe-2011011,mq20120519,Toshiba,Portege Z30-A,PT241A-03E001,Core i7-4600U,2100,5/12/2015,244191,184658,10.41.18.139
fbe-2011028,mq20046278,Toshiba,Portege Z30-A,PT241A-03E001,Core i7-4600U,2100,12/19/2014,244191,182897,10.41.38.61
fbe-2011035,43314872,Toshiba,Portege Z30-A,PT241A-03E001,Core i7-4600U,2100,03/17/2015,244191,180897,10.41.17.51
fbe-2011042,43061885,Toshiba,Portege Z30-A,PT241A-03E001,Core i7-4600U,2100,01/13/2015,244191,171158,192.168.2.32
fbe-2011059,mq20151597,Toshiba,Portege Z30-A,PT241A-03E001,Core i7-4600U,2100,1/12/2015,244191,177362,10.41.60.162
fbe-2011066,mq20072680,Toshiba,Portege Z30-A,PT241A-03E001,Core i7-4600U,2100,03/27/2015,244191,178512,10.72.3.69
fbe-2011073,43102506,Toshiba,Portege Z30-A,PT241A-03E001,Core i7-4600U,2100,4/07/2015,244191,170311,10.72.127.34
fbe-2011080,mq96316896,Toshiba,Portege Z30-A,PT241A-03E001,Core i7-4600U,2100,12/19/2014,244191,163559,10.41.43.164
fbe-2011097,mq20022321,Toshiba,Portege Z30-A,PT241A-03E001,Core i7-4600U,2100,01/13/2015,244191,175889,10.41.54.99
fbe-2011103,mq20120519,Toshiba,Portege Z30-A,PT241A-03E001,Core i7-4600U,2100,01/13/2015,244191,184606,10.72.2.115
fbe-2011110,43643183,Toshiba,Portege Z30-A,PT241A-03E001,Core i7-4600U,2100,01/13/2015,244191,169356,10.72.178.14
fbe-2011127,mq20022304,Toshiba,Portege Z30-A,PT241A-03E001,Core i7-4600U,2100,01/13/2015,244191,178237,10.72.3.163
fbe-2011134,mq20120519,Toshiba,Portege Z30-A,PT241A-03E001,Core i7-4600U,2100,04/30/2015,244191,185049,10.41.22.235
fbe-2011141,mq20120519,Toshiba,Portege Z30-A,PT241A-03E001,Core i7-4600U,2100,04/30/2015,244191,185076,10.41.21.62
fbe-2011196,mq98003275,Toshiba,Portege Z30-A,PT241A-03E001,Core i7-4600U,2100,12/19/2014,244191,178696,10.41.69.204
fbe-2011202,mq20120519,Toshiba,Portege Z30-A,PT241A-03E001,Core i7-4600U,2100,03/17/2015,244191,181515,10.41.19.102
fbe-2011219,mq20152069,Toshiba,Portege Z30-A,PT241A-03E001,Core i7-4600U,2100,03/27/2015,244191,170555,10.72.3.185
fbe-2011226,mq20120519,Toshiba,Portege Z30-A,PT241A-03E001,Core i7-4600U,2100,1/09/2015,244191,185305,192.168.0.11
fbe-2011233,mq20151906,Toshiba,Portege Z30-A,PT241A-03E001,Core i7-4600U,2100,1/12/2015,244191,175210,192.168.0.17
fbe-2011240,mq20120519,Toshiba,Portege Z30-A,PT241A-03E001,Core i7-4600U,2100,4/07/2015,244191,177837,10.41.21.80
fbe-2011257,mq20120519,Toshiba,Portege Z30-A,PT241A-03E001,Core i7-4600U,2100,4/07/2015,244191,196313,10.41.21.201
fbe-2011264,mq20120519,Toshiba,Portege Z30-A,PT241A-03E001,Core i7-4600U,2100,4/07/2015,244191,183209,10.41.21.13
fbe-2011271,mqx802932,Toshiba,Portege Z30-A,PT241A-03E001,Core i7-4600U,2100,01/13/2015,244191,143325,10.72.28.170
fbe-2011288,mq20149754,Toshiba,Portege Z30-A,PT241A-03E001,Core i7-4600U,2100,01/13/2015,244191,155109,10.41.66.98
fbe-2011295,mq20046060,Toshiba,Portege Z30-A,PT241A-03E001,Core i7-4600U,2100,01/13/2015,244191,169678,10.72.3.52
fbe-2011301,,Toshiba,Portege Z30-A,PT241A-03E001,Core i7-4600U,2100,04/30/2015,244191,184323,10.41.16.137
fbe-2011318,mq20120519,Toshiba,Portege Z30-A,PT241A-03E001,Core i7-4600U,2100,04/30/2015,244191,185041,10.41.20.217
fbe-2011325,mq20120519,Toshiba,Portege Z30-A,PT241A-03E001,Core i7-4600U,2100,4/07/2015,244191,196322,10.41.17.20
fbe-2011370,MQ42753929,Toshiba,Portege Z30-A,PT241A-03E001,Core i7-4600U,2100,12/19/2014,244191,165544,10.41.90.4
fbe-2011387,mq20153196,Toshiba,Portege Z30-A,PT241A-03E001,Core i7-4600U,2100,03/17/2015,244191,157909,10.41.19.20
fbe-2011394,mq20120519,Toshiba,Portege Z30-A,PT241A-03E001,Core i7-4600U,2100,03/27/2015,244191,181412,10.72.2.140
fbe-2011400,42919797,Toshiba,Portege Z30-A,PT241A-03E001,Core i7-4600U,2100,1/12/2015,244191,136493,10.72.66.144
fbe-2011417,mq20101412,Toshiba,Portege Z30-A,PT241A-03E001,Core i7-4600U,2100,1/12/2015,244191,169420,10.72.3.176
fbe-2011424,mq20153778,Toshiba,Portege Z30-A,PT241A-03E001,Core i7-4600U,2100,4/07/2015,244191,154929,10.72.3.128
fbe-2011431,mq20120519,Toshiba,Portege Z30-A,PT241A-03E001,Core i7-4600U,2100,4/07/2015,244191,196305,10.41.19.112
fbe-2011448,mq20153888,Toshiba,Portege Z30-A,PT241A-03E001,Core i7-4600U,2100,4/07/2015,244191,162702,10.72.3.198
fbe-2011455,mq31837921,Toshiba,Portege Z30-A,PT241A-03E001,Core i7-4600U,2100,1/12/2015,244191,79186,10.72.0.250
fbe-2011462,mq43817483,Toshiba,Portege Z30-A,PT241A-03E001,Core i7-4600U,2100,1/09/2015,244191,178948,10.41.21.109
fbe-2011479,mq20152455,Toshiba,Portege Z30-A,PT241A-03E001,Core i7-4600U,2100,01/13/2015,244191,168790,192.168.1.102
fbe-2011486,mq20096327,Toshiba,Portege Z30-A,PT241A-03E001,Core i7-4600U,2100,04/14/2015,244191,181776,10.72.3.230
fbe-2011493,,Toshiba,Portege Z30-A,PT241A-03E001,Core i7-4600U,2100,04/30/2015,244191,183075,10.41.18.160
fbe-2011509,43186793,Toshiba,Portege Z30-A,PT241A-03E001,Core i7-4600U,2100,04/13/2015,244191,173844,10.0.1.19
fbe-2038728,mq20102056,ASUSTeK COMPUTER INC.,UX31A,,Core i7-3517U,1900,03/19/2013,244191,188221,10.72.2.148
fbe-2038919,mq20120530,Toshiba,Portege Z930,PT235A-04D04X,Core i7-3687U,2100,10/07/2014,244191,91951,10.41.26.130
fbe-2038926,mq20120519,Toshiba,Portege Z930,PT235A-04D04X,Core i7-3687U,2100,02/16/2015,244191,186303,10.41.18.96
fbe-2038933,MQ20149059,Toshiba,Portege Z930,PT235A-04D04X,Core i7-3687U,2100,10/07/2014,244191,186464,10.41.19.214
fbe-2038940,MQ20143102,Toshiba,Portege Z930,PT235A-04D04X,Core i7-3687U,2100,10/07/2014,244191,189941,10.41.16.107
fbe-2038957,MQ20126781,Toshiba,Portege Z930,PT235A-04D04X,Core i7-3687U,2100,10/07/2014,244191,74744,192.168.1.102
fbe-2038964,MQ20133960,Toshiba,Portege Z930,PT235A-04D04X,Core i7-3687U,2100,10/07/2014,244191,66300,192.168.1.124
fbe-2038971,mq20112749,Toshiba,Portege Z930,PT235A-04D04X,Core i7-3687U,2100,10/07/2014,244191,66935,10.41.77.43
fbe-2038988,mq20006694,Toshiba,Portege Z930,PT235A-04D04X,Core i7-3687U,2100,10/07/2014,244191,189941,10.41.18.204
fbe-2038995,mq20096845,Toshiba,Portege Z930,PT235A-04D04X,Core i7-3687U,2100,10/07/2014,244191,84598,10.41.67.26
fbe-2039008,mq20069839,Toshiba,Portege Z930,PT235A-04D04X,Core i7-3687U,2100,10/07/2014,244191,90942,10.72.2.29
fbe-2039015,mq20113061,Toshiba,Portege Z930,PT235A-04D04X,Core i7-3687U,2100,10/07/2014,244191,101761,10.41.27.147
fbe-2039022,43095240,Toshiba,Portege Z930,PT235A-04D04X,Core i7-3687U,2100,10/07/2014,244191,33497,10.41.89.184
fbe-59881,mqx803033,System manufacturer,System Product Name,,Core i7-4960X,3600,6/02/2014,5257676,2012273,10.41.42.219
fbe-60426,mq20123301,,Core2 Quad 2660 System,,Core2 Quad,2660,09/14/2012,500105,108161,10.41.68.133
fbe-60442,mq87602059,,Core2 Quad 2660 System,,Core2 Quad,2660,09/14/2012,500105,126089,10.41.67.237
fbe-60459,mq40469735,,Core2 Quad 2660 System,,Core2 Quad,2660,10/05/2012,500105,37671,10.41.24.10
fbe-60467,mq20120171,,Core2 Quad 2660 System,,Core2 Quad,2660,9/10/2012,500105,110261,10.41.60.223
fbe-60517,mq20101329,,Core2 Quad 2660 System,,Core2 Quad,2660,09/14/2012,500105,117430,10.41.67.3
fbe-60525,mq20102056,,Core2 Quad 2660 System,,Core2 Quad,2660,10/23/2012,500105,125445,10.41.64.235
fbe-60541,mq20097103,,Core2 Quad 2660 System,,Core2 Quad,2660,09/21/2012,500105,123494,10.41.64.250
fbe-62927,mq20019668,,Core i5 2800 System,,Core i5,2800,09/13/2012,500105,119432,10.41.25.198
fbe-84673,mq20083757,Dell,Latitude D830,,Core2 Duo,2400,07/27/2012,190780,48276,192.168.0.19
fbe-john-vm1,,"VMware, Inc.",VMware Virtual Platform,,Core i7-3687U,2100,04/27/2015,204799,179297,10.41.20.179
